Province,Dsitrict,ADM2_CODE,Summary06,Horse06,Cattle06,Camel06,Sheep06,Goat06,Summary02,Horse02,Cattle02,Camel02,Sheep02,Goat02,Summary99,Horse99,Cattle99,Camel99,Sheep99,Goat99,Summary96,Horse96,Cattle96,Camel96,Sheep96,Goat96,Summary92,Horse92,Cattle92,Camel92,Sheep92,Goat92
Zavkhan,Aldarkhaan,MN8104,166.08,7.27,7.98,0.53,67.38,82.93,110.65,6.93,5.92,0.57,46.85,50.38,156.22,11.62,16.39,0.64,71.86,55.71,149.22,12.14,16.32,0.6,70.04,50.13,147.63,11.95,13.73,0.87,89.62,31.47
Zavkhan,Asgat,MN8107,31.36,1.3,1.29,0.02,15.5,13.25,17.41,1.28,0.68,0.02,9.55,5.89,22.95,2.16,1.86,0.04,12.38,6.51,27.3,2.38,2.9,0.01,14.85,7.15,29.69,1.88,2.83,0.01,20.26,4.72
Zavkhan,Bayankhairkhan,MN8113,83.89,2.98,3.42,0.03,48.21,29.25,51.19,2.49,1.65,0.06,31.26,15.73,73.29,5.74,5.67,0.14,43.69,18.05,81.25,6.5,8.21,0.14,49.45,16.95,64.54,4.85,6.25,0.09,44.92,8.43
Zavkhan,Bayantes,MN8110,114.4,2.88,3.43,0.19,51.93,55.96,66.34,2.21,2.21,0.19,32.14,29.59,61.09,3.16,3.68,0.26,28.12,25.87,86.38,6.08,7.51,0.44,39.86,32.5,79.09,4.96,6.79,0.29,47.67,19.37
Zavkhan,Durvuljin,MN8116,127.07,5.72,1.99,1.15,50.81,67.4,85.23,4.25,1.04,1.12,34.02,44.81,152.89,8.02,4.77,1.94,58.94,79.21,157.22,8.38,5.63,1.98,60.92,80.32,128.68,7.13,3.33,2.81,60.9,54.51
Zavkhan,Erdenekhairkhan,MN8167,118.51,3.66,3.19,0.29,71.13,40.24,64.03,2.76,1.85,0.38,38.97,20.07,120.96,7.38,7.56,0.7,75.17,30.16,130.09,7.53,8.34,0.73,80.37,33.13,100.41,5.32,5.27,0.5,70.08,19.24
Zavkhan,Ider,MN8122,93.04,3.93,6.9,0.04,43.33,38.83,43.3,3.83,3.85,0.06,20.05,15.52,91.28,8.48,18.78,0.16,45.75,18.11,71.89,6.94,14.23,0.15,37.5,13.08,68.96,5.64,11.64,0.05,43.97,7.66
Zavkhan,Ikh-Uul,MN8125,118.19,6.42,15.91,0.08,54.53,41.25,66.66,7.79,14.87,0.07,29.1,14.84,126.92,15.47,33.4,0.12,55.14,22.8,129.14,15.31,32.81,0.17,59.06,21.78,103.39,9.75,22.38,0.15,59.03,12.09
Zavkhan,Numrug,MN8128,80.02,4.65,4.04,0.06,41.69,29.58,29.15,3.36,1.51,0.06,15.03,9.2,87.31,11.65,11.99,0.16,49.14,14.37,82.7,10.81,10.46,0.23,49.63,11.57,61.02,6.73,6.7,0.07,43.75,3.78
Zavkhan,Otgon,MN8131,158.8,10.36,13.85,0.55,79.09,54.95,92.95,9.13,11.2,0.69,43.96,27.96,137.08,12.18,19.43,0.89,68.58,36,116.64,10.89,15.83,0.88,59.26,29.77,94.94,6.5,13.34,0.55,60.22,14.33
Zavkhan,Santmargats,MN8134,150.07,6.07,3.73,0.5,84.27,55.5,89.36,3.66,2.22,0.48,49.41,33.59,111.2,6.31,7.16,0.68,59.41,37.64,107.2,7.12,7.43,0.52,58.45,33.68,86.35,4.5,4.91,0.67,58.61,17.66
Zavkhan,Shiluustei,MN8164,94.26,4.6,4.69,0.49,46.44,38.05,55,3.35,2.65,0.53,28.86,19.6,92.25,7.38,8.74,0.84,48.82,26.47,89.69,7.39,8.84,0.82,48.26,24.38,79.65,5.63,6.49,0.4,53.56,13.58
Zavkhan,Songino,MN8137,115.04,4.09,3.36,0.07,69.26,38.27,60.27,2.53,1.49,0.04,37.62,18.59,94.41,6.61,9.17,0.06,59.73,18.85,104.74,8.82,11.25,0.06,66.62,18,96.07,7.37,6.78,0.13,71.2,10.59
Zavkhan,Telmen,MN8146,111.59,7.12,6.2,0.32,60.2,37.74,54.54,6.42,2.89,0.46,29.32,15.45,134.12,14.48,16.12,0.73,77.7,25.09,113.49,12.55,12.66,0.6,68.5,19.19,91.5,8.93,8.37,0.22,65.3,8.68
Zavkhan,Tes,MN8149,92.2,4.18,3.59,0.09,42.03,42.31,61.65,3.36,1.97,0.08,29.79,26.45,60.53,3.81,3.55,0.13,28.49,24.55,76.87,5.16,6.43,0.2,37.69,27.39,73.6,3.95,5.93,0.14,48.13,15.45
Zavkhan,Tosontsengel,MN8140,116.5,6.9,14.23,0.03,46.13,49.22,52.76,7.02,9.66,0.03,19.38,16.67,-,-,-,-,-,-,-,-,-,-,-,-,-,-,-,-,-,-
Zavkhan,Tsagaanchuluut,MN8158,99.21,5.52,4.91,0.49,47.26,41.02,64.14,4.65,3.64,0.62,30.38,24.85,94.58,7.17,8.34,0.78,49.38,28.91,97.45,8.62,9.73,0.78,50.5,27.83,87.03,6.68,6.68,1.43,56.84,15.41
Zavkhan,Tsagaankhairkhan,MN8155,75.86,3.09,4.31,0.02,33.88,34.56,50.27,3.19,3.78,0.05,23.43,19.82,71.67,4.73,9.12,0.05,37.2,20.57,70.91,5.42,10,0.05,36.94,18.51,59.87,4.1,6.11,0.32,41.64,7.7
Zavkhan,Tsetsen-Uul,MN8161,111.07,3.26,3.28,0.36,60.02,44.16,60.89,2.15,1.62,0.34,34.09,22.7,112.79,5.54,9.31,0.54,66.01,31.38,120.11,6.28,9.62,0.6,74.46,29.15,100.32,4.79,5.98,0.62,73.17,15.75
Zavkhan,Tudevtei,MN8143,87.69,4.32,3.4,0.02,47.6,32.36,33.87,2.63,1.09,0.02,19.51,10.62,78.29,8.82,10.27,0.05,45.48,13.67,78.28,8.71,10.5,0.08,47.89,11.1,71.77,6.1,6.55,0.16,54.56,4.41
Zavkhan,Uliastai,MN8101,91.3,1.67,4.24,0.03,35.5,49.86,52.63,1.47,2.83,0.03,21.76,26.54,79.32,2.39,8.92,0.01,41.68,26.31,113.98,4.31,12.73,0.03,63.39,33.52,73.51,3.44,7.91,0.02,48.98,13.16
Zavkhan,Urgamal,MN8152,107.97,4.17,2.35,0.88,47.47,53.1,59.33,2.45,1.21,0.7,26.92,28.05,97.61,5.33,4.03,0.99,45.25,42.01,103.12,5.92,4.11,1.06,48.3,43.73,84.38,5.97,2.34,1.54,49,25.53
Zavkhan,Yaruu,MN8170,93.47,4.58,4.02,0.15,52.11,32.62,43.8,3.21,1.71,0.22,25.84,12.82,130.6,11.35,16.54,0.51,80.71,21.5,139,11.56,15.9,0.51,89.93,21.11,118,8.04,9.92,0.16,89.71,10.17
Zavkhan,Zavkhanmandal,MN8119,113.21,4.5,2.94,0.21,55.71,49.86,77.84,3.34,1.6,0.23,37.72,34.94,105.14,5.75,4.98,0.38,53.08,40.94,94.8,6.38,5.38,0.42,44.61,38.02,76.9,5.28,3.87,0.31,43.12,24.33
Govi-Altai,Altai,MN8204,88.64,2.59,0.91,2.81,17.07,65.25,58.28,2.07,0.5,2.49,13.02,40.21,87.02,3.71,2.04,3.21,26.57,51.5,78.08,3.65,2.09,3.35,25.65,43.35,66.28,3.04,2.29,3.92,29.01,28.03
Govi-Altai,Bayan-Uul,MN8207,162.54,6.36,3.26,1.43,60.57,90.93,68.71,3,1.38,0.99,27.78,35.55,161.5,10.11,5.81,2.01,71.59,71.98,149.22,10.4,8.23,2.06,65.62,62.92,126.98,7.87,6.17,2.54,69.83,40.57
Govi-Altai,Biger,MN8210,87.28,2.86,3.04,1.34,21.03,59.01,46.11,1.64,1.27,1.17,12,30.03,79.1,3.71,3.95,2.44,25.63,43.37,100.6,4.64,5.04,3.13,36.45,51.33,85.84,3.59,3.82,4.05,40.19,34.2
Govi-Altai,Bugat,MN8213,136.71,3.08,1.54,1.43,56.69,73.97,92.77,2.8,0.97,1.57,39.69,47.74,110.04,4.38,2.06,2.05,50.1,51.45,120.98,5.31,3.09,2.41,58.53,51.64,123.9,3.7,2.54,2.66,84.93,30.07
Govi-Altai,Chandmani,MN8246,78.03,2,1.1,0.51,23.23,51.2,26.56,0.76,0.31,0.4,9.19,15.9,83.83,3.96,2.68,0.72,36.43,40.04,86.3,3.93,2.88,0.76,39.66,39.06,70.92,2.92,2.84,0.64,43.02,21.5
Govi-Altai,Dariv,MN8216,152.42,3.87,2.01,1.02,53.94,91.58,58.46,1.7,0.63,0.77,19.68,35.68,112.45,5.24,2.82,1.44,47.11,55.83,111.83,5.68,4.95,1.61,45.67,53.91,97.88,3.38,3.94,1.49,53.31,35.77
Govi-Altai,Delger,MN8219,131.55,3.47,1.51,0.95,45.61,80.01,45.98,1.92,0.52,0.8,17.52,25.22,131.14,6.4,3.2,1.45,57.02,63.07,136.79,6.83,4.74,1.58,59.83,63.81,122.32,5.39,3.67,1.45,72.21,39.6
Govi-Altai,Erdene,MN8252,115.94,1.46,0.91,1.47,25.9,86.2,45.18,0.67,0.27,1.16,11.68,31.41,111.06,4.66,3.17,2,39.22,62.02,100.12,4.05,3.06,2.2,34.64,56.18,75.13,2.76,2.21,1.78,35.75,32.63
Govi-Altai,Jargalan,MN8222,141.6,5.3,4.41,0.57,56.57,74.76,76.06,3.43,2.67,0.56,30.55,38.85,115.11,7.73,7.65,0.81,47.37,51.55,105.91,7.44,8.58,0.9,44.23,44.77,88.17,6.78,6.43,1.41,44.43,29.11
Govi-Altai,Khaliun,MN8234,135.6,4.37,2.33,2.3,37.83,88.77,56.08,2.02,1.05,1.95,16.9,34.16,139.59,7.56,6.74,2.59,60.13,62.58,126.9,7.16,7.08,2.49,56.8,53.38,108.42,5.32,4.79,2.78,62.97,32.56
Govi-Altai,Khokhmorit,MN8237,78.01,4.28,1.81,1.71,26.24,43.97,22.53,2.01,0.64,1.09,8.22,10.56,82.32,6.33,3.16,2.1,38.37,32.37,95.6,7.19,4.52,2.25,47.53,34.12,71.45,5.48,2.91,2.21,42.66,18.18
Govi-Altai,Sharga,MN8249,112.75,3.94,3.22,3.05,22.51,80.03,52.71,2.23,1.71,2.56,12.69,33.52,113.22,5.22,5.16,3.21,38.88,60.75,104.85,5.64,6.18,3.26,38.6,51.17,95.88,4.32,5.95,4.68,48.46,32.47
Govi-Altai,Taishir,MN8225,69.8,3.08,2.29,0.39,23.92,40.13,29.5,1.74,1.09,0.4,11.2,15.07,73.35,5.52,5.03,0.65,34.88,27.27,68.24,5.81,5.87,0.68,34.49,21.4,109.04,7.32,7.01,1.05,72.83,20.83
Govi-Altai,Togrog,MN8231,98.79,2.47,0.89,2.5,30.65,62.29,45.88,1.43,0.33,2.14,16.45,25.53,90.49,4.41,2.01,2.51,36.18,45.38,110.96,5.26,3.98,3.18,47.01,51.54,101.65,3.55,3.61,4.74,56.23,33.52
Govi-Altai,Tonkhil,MN8228,196.24,4.99,1.76,0.68,97.8,91.01,114.11,4.03,0.92,0.82,61.97,46.36,139.52,6.61,3.4,1.36,79.31,48.85,169.51,8.2,6.37,1.76,100.48,52.71,139.64,5.95,4.54,1.56,98.69,28.91
Govi-Altai,Tseel,MN8243,141.81,2.77,1.15,1.25,28.86,107.78,61.69,1.27,0.32,1.33,14.81,43.96,139.2,5.69,3.33,2.37,53.96,73.86,132.91,5.32,3.98,2.86,53.1,67.67,111.4,4.09,2.86,2.66,57.96,43.84
Govi-Altai,Tsogt,MN8240,157.32,2.52,3.29,2.15,43.36,106,68.02,1.25,1.22,1.7,20.74,43.11,180.75,4.8,6.7,2.92,65.24,101.08,172.21,5.09,7.83,3.41,64.81,91.06,135.07,3.77,6.99,3.63,58.11,62.56
Govi-Altai,Yesunbulag,MN8201,114.13,3.22,2.12,0.46,31.14,77.2,41.92,1.1,0.76,0.39,13.53,26.14,163.51,7.43,10.24,0.63,59.1,86.12,116.2,6.06,7.43,0.72,56.51,45.48,45.29,1.89,3.85,0.06,23.74,15.75
Bayan-Olgii,Altai,MN8304,89.51,5.34,8.08,0.32,42.27,33.49,82.9,5.48,8.73,0.47,40.34,27.88,79.77,6.06,10.41,0.63,38.97,23.71,81.16,5.77,10.35,0.56,42.01,22.48,62.03,4.05,6.4,0.42,39.85,11.31
Bayan-Olgii,Altantsugts,MN8307,86.97,4.06,3.93,0.36,32.76,45.86,66.83,3.28,3.25,0.49,26.5,33.31,70.02,4.39,4.51,0.52,29.58,31.01,74.57,4.56,5.63,0.55,35.64,28.19,55.34,3.4,4.28,0.89,31.43,15.35
Bayan-Olgii,Bayannuur,MN8310,126.47,5.59,5.42,0.47,38.21,76.77,101.55,4.1,3.62,0.43,32.66,60.74,96.66,4.54,3.21,0.49,33.24,55.18,105.78,5.62,5.4,0.55,37.84,56.37,76.72,4.68,4.45,0.65,29.6,37.34
Bayan-Olgii,Bugat,MN8313,83.85,3.6,4.82,0.05,35.1,40.27,62.35,3.05,3.69,0.13,28.95,26.54,78.65,4.84,6.49,0.23,41.37,25.72,84.55,5.47,7.94,0.24,47.83,23.07,50.77,3.52,4.12,0.18,33.12,9.83
Bayan-Olgii,Bulgan,MN8316,117.21,5.7,7.1,0.65,31.86,71.91,111.85,6.61,7.36,0.93,34.37,62.59,100.1,7.03,7.83,1.13,33.14,50.97,103.59,7.26,8.86,1.11,38.43,47.93,96.47,6.45,7.45,0.9,44.19,37.49
Bayan-Olgii,Buyant,MN8319,78.91,2.8,5.95,0.16,40.96,29.04,61.95,2.77,5.58,0.21,33.73,19.66,72.07,4.29,8.51,0.32,38.94,20.01,81.56,5.43,11.68,0.35,44.72,19.38,58.23,3.91,6.94,0.21,37.17,10.01
Bayan-Olgii,Deluun,MN8322,184.75,7.83,13.58,0.26,71.16,91.92,167.44,8.55,13.63,0.42,71.85,73,203.05,11.49,21.52,0.65,92.23,77.16,206.56,11.62,21.67,0.74,97.08,75.46,137.96,8.8,12.76,0.62,78.5,37.29
Bayan-Olgii,Nogoonnuur,MN8325,140.34,5.2,5.47,0.31,53.5,75.87,112.37,4.87,4.82,0.41,46.77,55.5,116.38,6.18,6.64,0.56,52.74,50.27,116.64,6.8,7.73,0.63,58.32,43.16,103.61,6.28,6.39,0.81,65.59,24.54
Bayan-Olgii,Olgii,MN8301,13.52,0.5,2.43,0.03,3.36,7.21,11.3,0.31,2.52,0,2.56,5.91,12.24,0.5,1.9,0,4.91,4.94,14.72,0.57,2.83,0.01,6.32,4.99,20.21,1.26,5.56,0.02,7.87,5.51
Bayan-Olgii,Sagsai,MN8328,109.41,5.18,6.15,0.35,49.82,47.91,82.79,5.3,6.16,0.51,40.08,30.73,90.51,6.01,6.57,0.62,47.58,29.74,94.34,6.35,7.57,0.61,51.64,28.17,66.36,4.67,4.48,0.45,42.58,14.18
Bayan-Olgii,Tolbo,MN8331,96.29,3.08,5.79,0.09,50.11,37.21,85.05,3.45,5.64,0.14,46.66,29.15,94.17,4.88,8.47,0.23,53.63,26.96,106.68,5.77,10.7,0.29,61.26,28.65,69.98,4.31,6.19,0.21,45.56,13.71
Bayan-Olgii,Tsengel,MN8340,170.72,6.41,9.73,0.53,70.07,83.98,151.7,6.7,9.87,0.88,64.27,69.98,180.41,9.29,12.54,1.45,83.84,73.29,169.29,9.07,12.89,1.59,81.58,64.16,118.07,7.41,7.67,1.26,69.96,31.79
Bayan-Olgii,Ulaankhus,MN8334,156.93,6.21,9.83,0.67,75.73,64.48,124.69,5.89,8.91,0.84,65.34,43.71,153.69,9.44,14.18,1.16,85.74,43.18,145.88,9.17,13.51,1.17,85.85,36.19,105.82,7.14,7.98,1,72.06,17.64
Khovd,Altai,MN8404,148.32,5.62,5.27,1.07,52.55,83.81,95.4,4.22,3.69,1.14,37.85,48.51,99.47,5.82,7.05,1.42,40.5,44.68,101.75,5.9,7.79,1.62,43.31,43.14,97.45,5.02,7.18,2.26,50.93,32.06
Khovd,Bulgan,MN8407,210.58,9.63,13.75,2.33,44.15,140.73,152.94,9.14,12.12,2.55,38.46,90.67,120.17,8.59,11.72,2.81,32.09,64.95,144.13,10.77,13.39,2.86,47.15,69.96,143.26,9.53,12.62,2.76,62.1,56.26
Khovd,Buyant,MN8410,117.46,5.89,8.78,0.19,34.99,67.61,61.69,4.33,5.96,0.33,20.57,30.5,96.03,7.19,11.51,0.45,38.18,38.71,92.27,7.58,11.23,0.42,38.35,34.68,70.35,6.65,8.1,0.44,37.31,17.85
Khovd,Chandmani,MN8446,206.06,6.49,8.27,1.83,89.07,100.4,81.22,3.12,3.59,1.49,36.39,36.63,174.4,9.43,13.6,2.11,84.84,64.44,142.64,9.1,14.15,1.93,66.84,50.62,117.93,6.84,8.83,1.93,68.35,31.98
Khovd,Darvi,MN8413,120.55,3.83,2.32,0.65,58.51,55.25,53.45,1.91,0.82,0.66,26.63,23.44,118.33,8.07,6.89,1.14,62.56,39.66,106.97,7.63,7.86,1.23,55.91,34.34,92.64,5.71,4.41,1.08,63.37,18.07
Khovd,Durgun,MN8416,91.1,4.19,2.95,2.5,15.95,65.51,41.22,2.34,1.47,1.81,7.42,28.18,91.82,4.13,3.58,3.03,24.29,56.79,76.66,3.95,3.55,2.78,21.14,45.25,64.14,3.49,2.69,2.71,25.1,30.15
Khovd,Duut,MN8419,98.58,1.98,5.36,0.13,36.45,54.67,54.79,2.25,4.07,0.23,23,25.24,73.53,3.72,10.39,0.3,30.92,28.21,83.14,4.42,13.15,0.41,33.09,32.07,73.45,3.67,8.97,0.53,37.46,22.82
Khovd,Erdeneburen,MN8449,151.08,7.33,4.03,1.04,65.08,73.6,86.31,4.73,2.56,0.98,39.35,38.69,113.07,8.47,7.8,1.22,53.32,42.27,129.05,9.5,10.12,1.3,61.2,46.93,106.27,6.63,6.23,0.96,60.53,31.93
Khovd,Jargalant,MN8401,63.59,2.15,3.54,0.07,18.86,38.96,28.3,1.44,2.57,0.07,8.42,15.79,53.13,2.38,6.1,0.11,21.14,23.4,88.52,3.6,10.82,0.11,38.03,35.95,69.43,3.23,9.02,0.1,34.79,22.3
Khovd,Khovd,MN8440,129.7,4.17,4.87,0.51,34.44,85.7,102.58,4.86,3.64,0.88,34.17,59.03,117.85,6.08,7.26,1.12,41.65,61.74,111.33,6.29,8.28,1.08,39.6,56.08,79.02,4.65,5.57,0.91,32.97,34.93
Khovd,Mankhan,MN8425,210.12,5.85,5.25,2.23,73.38,123.41,100.8,2.78,2.19,1.87,39.48,54.48,187.63,7.81,8.21,3.78,76.83,91.01,192.27,7.71,8.92,5.19,78.6,91.86,163.6,6.56,7.28,5.35,82.3,62.11
Khovd,Munkhkhairkhan,MN8428,89.56,2.18,5.77,0.22,40.46,40.93,67.98,2.35,5.38,0.28,31.96,28.01,82.67,3.35,8.36,0.45,38.95,31.56,97.7,4.37,13.58,0.6,46.06,33.09,90.46,3.69,9.17,0.54,54.65,22.4
Khovd,Must,MN8431,141.61,4.85,9.36,0.58,64.29,62.53,84.41,3.95,6.35,0.6,41.93,31.58,116.44,7.38,13.18,1.36,58.49,36.04,144.02,9.67,17.86,1.98,71.9,42.6,125.56,7.77,12.92,2.07,72.98,29.81
Khovd,Myangad,MN8434,150.62,6.98,9.43,0.74,54.6,78.88,80.73,4.72,6,0.69,31.68,37.64,114.58,8.25,13.44,0.97,48.19,43.74,130.43,9.97,16.07,1.24,55.95,47.21,101.98,6.58,10.26,1.1,57.48,26.56
Khovd,Tsetseg,MN8443,116.75,4.6,4.45,0.71,49.66,57.33,82.3,3.45,4.26,0.69,37.81,36.1,93.12,4.61,6.46,0.89,46.44,34.72,98.07,4.47,7.37,0.91,49.71,35.63,87.52,3.36,5.03,0.98,54.46,23.68
Khovd,Uyench,MN8437,121.32,4.62,6.33,1.25,42.14,66.98,94.79,4.87,5.32,1.36,37.42,45.82,104.55,5.72,6.91,1.65,43.08,47.19,114.46,6,7.48,1.86,52.74,46.38,112.51,5.12,6.39,2.44,62.93,35.64
Khovd,Zereg,MN8422,126.81,5.01,5.52,1.57,44.03,70.69,55.02,2.69,2.45,1.14,20.42,28.32,111.14,6.64,8.57,2.16,46.92,46.84,101.5,6.26,8.23,2.16,41.81,43.04,92.99,5.11,6.68,2.19,48.36,30.66
Uvs,Baruunturuun,MN8504,42.97,3.64,4.46,0.04,15.61,19.22,21.97,2.76,2.62,0.04,8.37,8.19,50.04,4,8.45,0.08,26.42,11.08,52.81,4.65,9.38,0.04,31.27,7.46,43.94,3.64,7.46,0.02,30.67,2.16
Uvs,Bukhmurun,MN8507,80.2,2.33,4,0.07,32.48,41.31,56.19,2.15,3.35,0.11,24.34,26.23,71.09,3.66,5.52,0.2,34.08,27.63,64.15,4.62,5.99,0.37,29.54,23.62,62.43,5.18,4.95,0.62,37.41,14.28
Uvs,Davst,MN8510,81.26,0.97,4.27,0.17,37.8,38.05,44.93,0.64,3.22,0.14,21.02,19.9,40.52,0.91,4.13,0.21,19.63,15.64,41.29,1.67,4.89,0.27,19.12,15.35,43.39,3.4,4.18,0.54,25.34,9.94
Uvs,Khovd,MN8549,96,3.48,4.68,0.81,27.82,59.21,50.59,2.27,2.74,0.6,16.48,28.49,85.06,4.4,6.59,0.87,34.47,38.73,81.9,4.85,6.78,0.96,35.14,34.17,75.84,6.16,6.36,1.68,39.65,22
Uvs,Khyargas,MN8552,147.56,4.66,4.61,0.5,80.53,57.26,96.13,3.58,2.66,0.5,56.28,33.11,100.47,7.02,8.23,0.72,57.4,27.1,101.42,7.19,9.09,0.81,60.1,24.23,93.04,6.87,6.34,0.99,62.23,16.62
Uvs,Malchin,MN8522,130.42,4.35,5.07,0.6,69.39,51.01,99.44,3.92,3.69,0.74,56.01,35.08,116.78,7.45,8.53,1.12,65.73,33.95,118.45,7.85,10.61,1.26,70.37,28.36,93.9,5.9,7.25,1.54,65.08,14.13
Uvs,Naranbulag,MN8525,174.93,5.44,4.59,2.49,83.62,78.79,120.88,3.95,3.14,2.25,60.05,51.5,134.09,7.1,5.42,2.69,66.44,52.44,119.56,7.19,7.09,2.73,58.36,44.19,101.57,5.88,5.42,2.8,57.53,29.94
Uvs,Olgii,MN8528,99.64,2.62,2.46,1.24,37.32,56,52.11,1.49,1.07,1.02,19.89,28.64,117.4,5.53,3.71,1.67,55.76,50.73,111.71,6.25,5.71,1.85,51.75,46.15,88.42,4.74,3.96,1.86,48.63,29.24
Uvs,Omnogovi,MN8531,160.09,4.66,5.76,0.95,76.56,72.16,83.21,2.98,3.14,0.86,41.03,35.21,123.93,7.04,6.81,1.28,66.41,42.39,130.61,8.01,9.54,1.55,70.57,40.95,118.92,7.14,6.83,1.51,77.22,26.23
Uvs,Ondorkhangai,MN8534,159.04,7.4,7.94,0.37,73.53,69.81,87.58,5.77,4.24,0.6,42.09,34.89,130.33,12.58,16.46,1.23,60.63,39.43,102.09,11.01,13.3,1.21,48.38,28.19,90.83,10.16,9.78,1.33,54.54,15.02
Uvs,Sagil,MN8537,144.62,2.81,6.58,0.18,69.65,65.4,86.77,1.92,4.48,0.25,43.19,36.94,73.45,2.87,6.63,0.4,37.39,26.17,80.21,4.24,8.76,0.64,41.4,25.18,72.56,4.34,6.62,0.78,43.98,16.85
Uvs,Tarialan,MN8540,135.84,2.29,4.73,0.62,76.57,51.63,98.17,1.96,3.8,0.63,57.65,34.13,124.71,3.68,9.11,0.99,72.37,38.57,111.7,4.51,9.69,1.26,65.18,31.07,99.03,3.97,7.28,1.17,66.29,20.32
Uvs,Tes,MN8546,238.95,8.53,22.66,1.77,143.87,62.12,171.54,8.07,19.69,1.74,103.67,38.38,155.91,11.85,25.01,2.08,88.3,28.68,125.06,11.28,22.34,1.87,69.61,19.96,146.96,12,21.82,2.23,97.79,13.12
Uvs,Tsagaankhairkhan,MN8555,126.58,4.68,3.39,0.3,56.56,61.65,63.04,2.86,1.77,0.32,30.32,27.79,98.21,7.09,8.01,0.58,46.58,35.97,79.51,6.58,6.97,0.63,38.02,27.31,70.38,5.76,5.42,0.85,44.3,14.05
Uvs,Turgen,MN8543,93.88,1.88,3.86,0.47,50.52,37.16,60.01,1.69,2.94,0.54,32.99,21.86,68.3,3.48,5.89,0.73,37.32,20.88,62.1,4.58,7.44,0.77,32.73,16.6,61.67,5.04,6.93,0.81,38.31,10.58
Uvs,Ulaangom,MN8501,-,-,-,-,-,-,-,-,-,-,-,-,-,-,-,-,-,-,5.73,0.5,1.38,0,2.18,1.66,12.04,0.73,1.84,0.05,7.42,2
Uvs,Zavkhan,MN8513,79.92,4.18,1.02,4.42,21.94,48.36,37.36,2.26,0.33,3.39,11.86,19.53,105.06,6.53,1.59,6.3,40.17,50.48,95.18,6.99,2.5,6.5,36.9,42.31,65.81,6.01,2.03,7.48,28.38,21.91
Uvs,Zuungovi,MN8516,121.16,5.68,8.91,0.65,69.56,36.35,76.86,4.46,6.8,0.56,45.84,19.2,82.01,5.96,10.69,0.55,49.29,15.52,73.47,6.25,10.81,0.49,44.88,11.05,82.67,5.96,9.11,1.07,58.78,7.76
Uvs,Zuunkhangai,MN8519,129.84,5.72,5.8,0.07,69.51,48.74,79.39,4.79,3.19,0.17,42.79,28.45,113.47,9.8,12.6,0.49,61.65,28.94,104.81,10.24,12.83,0.54,56.26,24.93,82.45,7.71,7.87,0.8,52.14,13.93
Orkhon,Bayan-Undur,MN6101,130.77,6.46,10.9,0.12,55.69,57.61,129.03,8.85,16.54,0.1,60.28,43.26,120.79,8.71,20.5,0.06,57.84,33.68,90.96,7.78,19.25,0.01,45.83,18.09,30.74,2.24,8.2,0,15.98,4.33
Orkhon,Jargalant,MN6104,43.66,2.72,4.61,-,16.11,20.22,30.69,2.79,4.06,0.01,13.45,10.37,43.14,4.13,7.31,0.04,20.78,10.89,32.14,3.7,6.23,0.03,16.41,5.77,26.3,1.79,4.52,-,17.98,2.01
Ovorkhangai,Arvaikheer,MN6201,61.34,2.3,1.61,0.03,31.34,26.06,27.66,1.35,0.96,0,15.21,10.14,40.68,2.2,3.25,0,25.77,9.47,53.43,1.58,3.16,0.01,38.43,10.26,39.55,1.58,3.38,0.01,24.41,10.18
Ovorkhangai,Baruunbayan-Ulaan,MN6204,94.77,2.69,0.88,1.58,26.97,62.66,46.22,1.7,0.36,1.45,14.85,27.87,132.81,10.87,5.5,2.4,47.69,66.35,116.54,8.96,5.38,2.37,41.86,57.98,84.98,5.96,3.95,3.34,38.61,33.12
Ovorkhangai,Bat-Ulzii,MN6207,101.95,11.3,16.88,-,39.84,33.93,69.18,9.98,13.31,-,27.26,18.63,104.92,15.64,28.7,0,40.9,19.69,77.47,12.5,21.84,0.01,31.81,11.31,70.9,8.9,17.18,0.05,38.76,6.01
Ovorkhangai,Bayangol,MN6210,238.84,9.05,2.81,1.45,135.31,90.21,174.61,8.99,1.89,1.4,98.88,63.45,237.42,17.35,7.63,1.95,142.26,68.24,208.02,14.43,6.87,1.97,125.22,59.53,195.18,10.3,5.53,1.81,134.16,43.38
Ovorkhangai,Bayan-Undur,MN6213,190.82,15.29,8.46,0.48,97.81,68.78,106.38,9.84,5.08,0.38,58.26,32.82,203.72,27.18,18.06,0.96,105.15,52.36,170.57,23.42,17.32,0.97,86.87,41.98,127.89,15.55,10.69,0.83,76.64,24.19
Ovorkhangai,Bogd,MN6216,184.09,5.79,1.48,3.8,43.11,129.91,159.7,4.78,1.24,4.63,41.49,107.56,276.46,13.65,6.11,5.98,78.88,171.85,232.73,9.99,5.67,5.86,71.24,139.97,164.94,6.41,4.35,5.94,64.04,84.2
Ovorkhangai,Burd,MN6219,146.37,9.92,3.24,0.16,80.08,52.98,73.52,6.73,1.82,0.1,43.71,21.17,141.6,17.91,16.24,0.14,75.8,31.52,129.73,17.14,15.97,0.11,68.99,27.52,103.6,11.71,11.12,0.06,64.06,16.66
Ovorkhangai,Guchin-Us,MN6222,115.09,5.01,1.53,1.73,52.17,54.66,80.82,4.39,0.88,1.61,38.04,35.9,137.6,11.84,6.04,2.09,62.02,55.61,110.79,9.72,5.39,2.06,48.34,45.28,84.74,7.02,3.81,2.17,44.24,27.5
Ovorkhangai,Khairkhandulaan,MN6249,136.54,5.44,3.54,0.03,56.94,70.59,75.73,3.76,2.14,0.09,34.16,35.58,161.05,14.46,16.22,0.09,75.6,54.69,136.05,12.8,15.71,0.09,65.42,42.02,106.03,9.56,11.98,0.04,60.95,23.5
Ovorkhangai,Kharkhorin,MN6252,149.16,11.76,6.78,0.11,69.14,61.37,85.46,7.37,5.31,0.03,43.27,29.48,171.35,20.23,21.07,0.04,92.49,37.52,147.09,19.03,22.47,0.04,83.31,22.24,123.44,14.51,19.56,0.07,77.61,11.69
Ovorkhangai,Khujirt,MN6255,139.1,13.46,8.15,0.05,70.2,47.26,97.9,11.6,7.82,0.03,50.64,27.81,176.25,21.85,25.25,0.08,91.99,37.08,139.89,19.01,21.11,0.07,76.14,23.57,105.58,11.99,14.04,0.05,69.14,10.37
Ovorkhangai,Nariinteel,MN6231,123.06,3.95,3.17,0.01,37.83,78.1,68.18,2.82,1.54,0.03,22.63,41.16,158.87,9.98,14.58,0.14,63.26,70.9,130.91,8.71,13.6,0.13,52.29,56.17,86.83,6.06,9,0.18,41,30.6
Ovorkhangai,Sant,MN6237,193.07,6.99,4.75,0.77,96.07,84.49,133.74,5.5,2.67,0.8,70.45,54.33,192.26,16.9,10.69,1.24,103.17,60.25,183.57,15.37,11.12,1.48,97.16,58.43,154.4,12.67,7.93,1.58,94.15,38.09
Ovorkhangai,Taragt,MN6240,121.86,7.33,4.76,0.03,69.25,40.49,73.54,5.42,2.99,0.08,45.62,19.43,151.45,14.74,16.29,0.13,90.82,29.47,137.69,12.36,14.12,0.22,86.01,24.99,118.59,10.86,13.33,0.19,80.29,13.92
Ovorkhangai,Tugrug,MN6243,107.26,5.04,0.98,2.46,48.71,50.07,79.11,4.66,0.55,2.34,34.8,36.77,137.43,11.46,5.53,3.34,64.25,52.84,107.06,9.41,3.86,3.39,49.89,40.53,101.15,6.94,4.03,4.62,54.78,30.78
Ovorkhangai,Ulziit,MN6234,131.42,9.04,3.83,0.15,79.22,39.18,77.74,5.63,2.16,0.16,50.1,19.69,129.92,15.28,10.74,0.34,79.31,24.26,116.54,13.85,10.54,0.44,70.61,21.11,94.02,10.22,8.4,0.38,62.88,12.15
Ovorkhangai,Uyanga,MN6246,155.29,9.12,26.62,0,55.08,64.47,83.77,7.66,16.26,0.01,30.8,29.04,147.14,15.09,49.89,0.03,51.04,31.09,128.58,14.97,42.55,0.04,47.85,23.17,101.13,11.31,28.18,0.04,51.1,10.51
Ovorkhangai,Yesun zuil,MN6225,135.2,10.32,3.73,0.15,72.85,48.15,83.76,6.61,1.86,0.2,48.54,26.55,132.76,15.76,11.02,0.34,72.43,33.2,111.33,13.51,10.57,0.35,61.22,25.68,83.28,9.12,7.29,0.21,51.61,15.05
Ovorkhangai,Zuunbayan-Ulaan,MN6228,98.06,7.53,7.93,0.01,51.51,31.09,68.34,6.36,6.43,0.01,37.23,18.31,122.94,15.56,23.16,0.02,60.22,23.97,112.15,13.89,20.98,0.03,57.48,19.77,99.71,10.1,14.11,0.03,62.2,13.27
Bulgan,Bayan-Agt,MN6304,154.28,13.24,9.45,0.01,77.66,53.93,126.24,13.44,12.38,0.04,63.53,36.85,124.21,13.83,18.13,0.06,64.9,27.29,95.55,11.01,14.22,0.06,50.65,19.61,93.53,8.09,10.65,0.09,62.31,12.39
Bulgan,Bayannuur,MN6307,38.83,3.35,2.14,0.01,16.3,17.04,40.73,4.34,3.82,0.05,21.65,10.88,58.23,6.18,7.51,0.05,34.25,10.24,50.46,5.17,7.28,0.04,31.23,6.74,32.11,2.05,3.34,0,24.24,2.48
Bulgan,Bugat,MN6310,52.07,5.25,6.49,-,22.8,17.52,44.03,5.42,6.63,0,19.11,12.87,54.54,6.35,11.63,0,25.69,10.88,39.4,5.74,9.34,-,18.59,5.72,42.1,4.97,8.55,-,25.42,3.16
Bulgan,Bulgan,MN6301,62.92,4.05,5.94,0,29.43,23.49,43.09,3.78,5.99,0.01,20.5,12.81,57.13,4.77,11.49,0,29.35,11.51,46.88,4.24,10.76,-,24.33,7.55,34.46,2.67,8.46,-,20.34,2.99
Bulgan,Buregkhangai,MN6313,116.2,6.88,5.59,0.07,57.04,46.62,108.29,10.46,10.13,0.17,51.14,36.38,96.4,12.18,14.84,0.1,43.92,25.36,57.48,8.85,10.12,0.17,23.65,14.69,56.36,6.63,11.74,0.27,28.57,9.14
Bulgan,Dashinchilen,MN6319,100.62,7.46,4.27,0.08,51.72,37.08,108.61,11.48,7.15,0.12,57.75,32.12,150.04,19.11,19.32,0.22,80.19,31.2,95.79,12.5,14.66,0.17,50.5,17.96,95.86,9.21,12.85,1.19,59.8,12.82
Bulgan,Gurvanbulag,MN6316,166.68,11.78,4.93,0.06,90.65,59.27,138.6,13.71,6.82,0.08,75.89,42.1,185.69,24.49,24.85,0.16,93.99,42.2,134.81,18.47,20.81,0.17,67.99,27.37,121.49,16.07,15.6,0.33,74.5,14.99
Bulgan,Khangal,MN6340,51.01,3.39,7.64,-,18.77,21.22,55.65,4.06,8.79,0,23.85,18.95,45.02,4.51,11.26,0.01,19.7,9.54,32.07,3.6,8.69,-,15.17,4.61,29.36,3.55,7.27,-,16.43,2.11
Bulgan,Khishig-Undur,MN6343,112.97,9.78,6.04,0,53.35,43.8,88.1,10.97,7.26,0.01,42.57,27.3,111.45,15.97,16.36,0.03,56.34,22.75,84.14,14.52,13.72,0.06,40.74,15.11,75.32,11.77,12.19,0.33,43.41,7.62
Bulgan,Khutag-Undur,MN6346,144.77,9.87,14.23,0.02,71.18,49.47,107.8,9.76,15.18,0.01,53.81,29.04,102.6,10.55,20.13,0,52.88,19.05,80.07,9.15,16.83,-,42.44,11.64,71.9,6.53,14.18,-,45.1,6.08
Bulgan,Mogod,MN6322,156.58,16.8,7.71,-,88.11,43.97,125.52,17.09,9.92,0.04,67.16,31.31,159.61,24.31,26.76,0.06,76.94,31.54,111.92,18.99,20.07,0.09,52.79,19.99,98.09,14.41,15.8,0.2,56.14,11.55
Bulgan,Orkhon,MN6325,142.8,16,9.83,0.02,58.93,58.02,110.32,15.01,11.29,0.04,46.71,37.27,125.28,18.09,18.84,0.04,56.17,32.14,102.12,16.71,16.3,0.04,46.28,22.8,85.07,11.68,12.23,0.07,49.82,11.28
Bulgan,Rashaant,MN6328,63.15,4.21,1.98,0.02,30.14,26.8,40.07,3.87,1.58,0.03,19.89,14.7,52.15,6.77,6.2,0.05,25.91,13.22,43.56,5.31,6.18,0.06,23.79,8.23,32.84,2.61,4.2,0.01,23.06,2.96
Bulgan,Saikhan,MN6331,197.28,26.07,9.9,0.06,113.27,47.98,159.51,23.17,15,0.14,86.87,34.33,192.48,31.16,31.59,0.24,96.61,32.88,143.01,25.85,26.52,0.27,66.92,23.46,122.47,20.62,19.43,0.56,67.11,14.75
Bulgan,Selenge,MN6334,42.81,3.73,6,-,19.14,13.95,34.77,3.85,6.59,-,16.69,7.65,39.27,5.15,10,-,19.52,4.61,39.48,4.34,11.91,-,20.5,2.74,32.04,3.14,11.4,-,17.07,0.43
Bulgan,Teshig,MN6337,69.49,5.9,12.71,-,26.97,23.91,56.39,6.3,12.61,-,21.32,16.17,55.16,6.63,15.47,-,21.84,11.23,45.84,5.52,12.94,-,19.13,8.25,43.04,4.67,12.52,-,20.75,5.1
Bayankhongor,Baatsagaan,MN6404,107.23,2.19,1.76,1.36,17.2,84.74,36.31,0.7,0.54,1.14,6.65,27.28,189.68,8.89,5.36,3.26,62.39,109.78,172.66,8.43,5.48,3.19,58.53,97.03,143.02,6.56,3.76,3.68,68.67,60.35
Bayankhongor,Bayanbulag,MN6407,91.28,4.58,6.64,0.09,45.77,34.2,57.68,4.19,4.84,0.26,30.38,18.01,95.39,7.65,14.02,0.45,49.99,23.29,87.38,6.85,12.78,0.51,46.88,20.36,73.59,4.04,9.96,0.17,50.17,9.24
Bayankhongor,Bayangovi,MN6410,83.78,1.38,0.29,1.36,9.25,71.49,22.65,0.35,0.06,0.7,3.22,18.32,121.64,4.53,0.84,2.68,30,83.6,124.35,4,1.18,2.61,33.39,83.18,82.27,2.61,0.71,1.93,24.38,52.63
Bayankhongor,Bayankhongor,MN6401,86.34,2.72,10.11,0.07,23.93,49.51,34.28,1.9,6.57,0.05,10.53,15.22,100.28,5.01,18.9,0.08,36.81,39.49,78.81,3.2,11.85,0.06,34.55,29.16,54.41,1.96,6.38,0.02,25.47,20.59
Bayankhongor,Bayanlig,MN6413,93.54,1.21,0.43,9.76,12.4,69.74,37.24,0.52,0.13,7.7,5.33,23.55,142.45,6.25,1.49,11.2,29.84,93.67,140.57,5.94,2.13,10.63,32.11,89.76,87.87,3.49,1.27,9.32,23.64,50.15
Bayankhongor,Bayan-Ondor,MN6419,99.81,0.77,0.14,1.76,16.47,80.67,42.22,0.3,0.06,1.23,7.72,32.91,113.17,2.78,0.54,2.39,26.88,80.58,96.39,2.6,0.6,2.77,22.15,68.27,70.37,1.71,0.38,3.31,20.7,44.27
Bayankhongor,Bayan-Ovoo,MN6416,84.11,4.13,3.8,0.08,45.35,30.75,42.97,1.83,1.84,0.13,28.33,10.85,105.42,7.76,9.08,0.6,60.93,27.05,79.36,6.18,7.24,0.47,46.61,18.85,75.38,5.63,5.32,0.27,52.32,11.86
Bayankhongor,Bayantsagaan,MN6422,111.5,1.82,0.61,0.62,25.92,82.53,36.03,0.65,0.15,0.47,10.69,24.07,185.31,6.86,3.72,2.03,68.61,104.09,173.87,6.75,4.04,2.21,61.91,98.97,130.35,3.85,2.16,1.62,60.42,62.31
Bayankhongor,Bogd,MN6425,106.76,2.57,2.42,2.36,15.36,84.05,42.58,1.33,1,2.15,7.35,30.75,144.04,10.11,5.43,5.22,34.52,88.76,119.93,9.02,4.96,4.99,30.57,70.39,89.39,7.13,4,6.28,26.63,45.35
Bayankhongor,Bumbugur,MN6428,69.15,3.02,1.06,0.18,10.85,54.04,20.58,1.43,0.34,0.26,3.64,14.91,98.54,6.72,3.89,0.71,33.82,53.4,87.93,6.52,5.86,0.62,30.47,44.47,68.61,5.46,4.15,0.62,30.71,27.67
Bayankhongor,Buutsagaan,MN6431,134.93,6,2.02,1.35,31.93,93.63,48.98,2.39,0.62,1.2,13.61,31.17,202.11,11.61,6.83,2.51,68.69,112.47,205.48,10.69,8.85,2.39,65.92,117.64,171.86,8.1,7.08,2.01,73.2,81.47
Bayankhongor,Erdenetsogt,MN6458,61.63,3.76,17.13,0.02,22.05,18.68,38.18,3.23,12.62,0.02,12.93,9.38,68.3,5.6,22.73,0.06,25.81,14.11,79.35,7.29,25.97,0.08,31.76,14.25,72.82,6.2,20.11,0.09,37.8,8.62
Bayankhongor,Galuut,MN6434,121.27,8.45,15.75,0.12,49.92,47.04,72.13,7.44,13.64,0.2,28.57,22.28,133.94,12.82,26.46,0.47,56.17,38.02,112.81,11.13,22.4,0.46,52.06,26.76,89.53,7.77,18.16,0.23,53.02,10.36
Bayankhongor,Gurvanbulag,MN6437,91.19,7.3,11.22,0.15,46.03,26.49,69.39,7.02,12.52,0.26,34.99,14.61,82.18,10.03,17.3,0.3,42.42,12.12,71.95,9.25,15.48,0.3,37.87,9.07,70.63,6.12,14.2,0.16,46.07,4.08
Bayankhongor,Jargalant,MN6440,94.69,6.96,17.73,0.01,37.18,32.8,68.32,7.48,16.69,0.05,25.01,19.09,90.34,9.33,22.75,0.04,41.83,16.4,97.43,7.99,20.16,0.08,58.5,10.72,85.71,5.38,12.71,0.1,64.4,3.13
Bayankhongor,Jinst,MN6443,70.99,0.95,0.56,0.66,10.47,58.36,22.1,0.3,0.15,0.55,4.27,16.85,123.13,7.24,2.63,1.59,35.29,76.38,103.26,6.21,2.18,1.56,30,63.31,92.29,5.96,1.86,2.23,33.88,48.36
Bayankhongor,Khureemaral,MN6452,102.66,7.1,3.58,0.38,41.77,49.84,45.6,4.44,1.48,0.45,18.87,20.36,132.94,11.76,9.26,0.72,60.69,50.51,110.97,9.38,7.87,0.7,49.2,43.82,82.36,7.44,5.29,0.46,44.12,25.06
Bayankhongor,Olziit,MN6449,120.77,5.93,6.15,0.31,28.68,79.7,40.8,2.28,2.67,0.34,11.84,23.66,140.6,11.39,15.07,0.6,47.67,65.87,100.92,8.51,11.13,0.46,34.21,46.62,83.49,7.49,7.96,0.27,37.33,30.45
Bayankhongor,Shinejinst,MN6455,63.93,0.71,0.06,2.17,6.77,54.22,24.2,0.3,0.04,1.89,3.02,18.95,114.56,3.67,0.48,4.09,21.71,84.61,108.11,3.22,0.7,4.13,20.36,79.69,79.12,2,0.49,4.48,17.94,54.21
Bayankhongor,Zag,MN6446,82.83,6.85,7.43,0.23,34.38,33.94,59.98,6.01,6.66,0.36,27.11,19.83,91.08,9.64,11.65,0.54,44.13,25.12,81.55,7.68,10.69,0.48,41.47,21.23,58.84,4.57,6.87,0.45,38.52,8.44
Arkhangai,Battsengel,MN6504,199.28,17.97,13.02,0.05,92.46,75.79,147.51,17.73,12.56,0.06,67.42,49.74,183.63,24.46,25.83,0.14,80.74,52.46,122.35,19.01,19.33,0.09,52.51,31.41,113.94,16.06,15.97,0.15,61.6,20.17
Arkhangai,Bulgan,MN6507,49.07,4.8,10.95,-,13.12,20.19,37.73,5.52,10.02,0.01,9.56,12.61,43.27,6.73,13.8,-,12.28,10.45,34.38,5.64,10.67,-,11.05,7.02,42.07,4.81,10.15,-,21.35,5.76
Arkhangai,Chuluut,MN6552,93.24,8.35,26.14,-,32.44,26.31,64.25,8.17,21.09,-,20.52,14.48,76.43,9.11,23.98,-,32.59,10.75,65.31,7.65,19.42,-,30,8.25,63.99,6.23,16.8,-,36.64,4.32
Arkhangai,Erdenebulgan,MN6501,99.98,8.83,12.2,-,39.52,39.44,64.89,7.3,10.81,-,24.71,22.08,86.56,9.44,20.36,-,35.02,21.75,63.02,7.36,16.63,-,26.22,12.81,65.12,6.52,16.82,0.02,33.12,8.64
Arkhangai,Erdenemandal,MN6555,230.39,15.04,16.61,0.01,133.62,65.11,172.43,15.65,19.74,0.01,90.72,46.31,193.15,20.97,33.42,0,97.35,41.42,138.98,17.11,27.16,0,69.01,25.71,102.73,12.74,17.31,0,61.29,11.39
Arkhangai,Ikh tamir,MN6513,177.85,15.55,26.11,0,74.12,62.06,130.08,16.21,23.89,0.01,51.22,38.75,142.81,16.53,31.7,0,62.79,31.78,101.17,12.75,23.52,-,44.07,20.84,90.24,10.42,17.12,0.01,51.66,11.03
Arkhangai,Jargalant,MN6510,124.94,7.45,14.65,0,59.97,42.88,89.89,8.47,14.33,-,40,27.1,113.91,12.68,25.12,-,48.89,27.22,86.77,10.74,20.66,-,37.51,17.86,73.08,7.56,13.27,-,41.3,10.95
Arkhangai,Khairkhan,MN6531,139.63,12.71,9.74,0,73.48,43.7,102.37,11.5,10.04,0.01,50.27,30.55,117.53,15.3,19.62,0.01,53.1,29.49,95.05,11.75,16.31,0.01,43.11,23.88,69.82,6.49,9.92,0,40.86,12.56
Arkhangai,Khangai region,MN6534,56.31,4.15,18.92,-,17.26,15.98,42.62,4.21,17.61,-,11.78,9.02,62.35,7.52,27.09,-,19.05,8.69,51.33,7.32,22.09,-,15.88,6.04,78.22,8.33,29.54,-,34.58,5.78
Arkhangai,Khashaat,MN6537,173.39,12.23,6.18,0.22,97.03,57.73,127.81,12.79,6.16,0.22,71.62,37.03,206.16,28.45,21.6,0.3,109.64,46.16,152.85,22.41,20.46,0.31,79.54,30.13,132.91,19.61,16.16,0.36,78.54,18.24
Arkhangai,Khotont,MN6540,175.5,20.01,11.11,0.03,72.58,71.77,117.16,15.45,8.51,0.07,48.29,44.85,189.78,28.09,23.6,0.18,79.37,58.54,135.85,22.47,18.71,0.22,57.24,37.21,111.81,16.36,14.79,0.28,56.45,23.93
Arkhangai,Ogiinuur,MN6516,129.87,11.65,8.53,0.33,58.87,50.49,67.73,8.23,5.87,0.25,32.09,21.29,144.72,20.95,22.18,0.12,62.36,39.11,95.01,15.26,16.14,0.11,40.43,23.07,84.25,12.7,12.78,0.23,43.21,15.34
Arkhangai,Olziit,MN6519,126.3,9.58,5.44,0.01,58.06,53.21,87.43,10.59,7.73,0.02,37.99,31.09,106.79,15.18,18.31,0.04,43.43,29.83,73.68,11.29,13.54,0.04,29.21,19.6,75.87,9.63,12.21,0.09,39.92,14.03
Arkhangai,Ondur-Ulaan,MN6522,179.62,15.26,33.05,-,77.58,53.74,121.28,16.38,27.38,-,46.97,30.56,138.3,20.33,38.25,0,53.54,26.17,98.73,15.9,27.64,0,39.02,16.16,88.96,12.09,20.16,-,47.41,9.31
Arkhangai,Tariat,MN6525,133.42,7.72,26.53,-,56.2,42.96,80.02,8.14,20.15,0.01,32.52,19.2,134.81,15.32,42.29,0.01,57.41,19.79,116.23,13.88,35.08,0.02,52.87,14.38,96.11,9.45,25.51,0.01,53.78,7.37
Arkhangai,Tovshruulekh,MN6528,87.35,8.93,4.81,0.15,37.44,36.02,50.11,6.14,3.26,-,23.07,17.63,74.4,10.55,10.88,-,33.39,19.59,57.98,8.71,9.85,-,26.91,12.51,45.41,6.21,9.7,-,24.7,4.8
Arkhangai,Tsakhir,MN6543,49.77,2.87,13.18,-,19.47,14.25,35.36,3.29,10.46,-,13.47,8.13,58.5,5.23,19.55,-,24.99,8.73,47.62,4.94,14.94,-,22.13,5.61,-,-,-,-,-,-
Arkhangai,Tsenkher,MN6546,127.12,13.78,16.58,0.03,51.51,45.23,87.85,12.23,13.2,0.02,35.39,27.01,120.29,17.18,24.55,0.01,47.78,30.76,86.36,13.54,19.06,0.01,34.34,19.41,72.4,10.36,13.26,0.01,37.04,11.72
Arkhangai,Tsetserleg,MN6549,177.52,8.33,7.61,-,97.69,63.89,122.3,9.69,10.63,-,62.35,39.64,142.17,14.06,21.87,0,67.73,38.5,102.4,12.07,18.17,0,46.65,25.52,88.98,8.78,11.6,0.01,51.27,17.33
Khovsgol,Alag-Erdene,MN6704,93.84,5.17,12.11,0.03,33.18,43.35,54.52,6.35,9.01,0.05,18.32,20.79,67.94,7.73,16.38,0.07,26.48,17.28,48.12,6.01,12.45,0.03,19.93,9.71,52.6,5.09,9.41,0.02,33.77,4.32
Khovsgol,Arbulag,MN6707,172.13,9.2,11.8,0.17,75.22,75.74,100.32,8.69,7.58,0.24,45.87,37.94,161.69,16.71,27.82,0.46,69.05,47.64,129.56,13.26,22.63,0.47,56.74,36.46,117.58,10.84,18.56,0.66,65.97,21.55
Khovsgol,Bayanzurkh,MN6710,138.68,5.69,13.53,0.21,74.53,44.72,89.47,6.26,11.84,0.36,44.42,26.59,120.06,10.95,22.86,0.54,53.37,32.35,110.85,9.92,21.33,0.66,48.5,30.43,98.1,6.33,16.21,0.55,57.09,17.92
Khovsgol,Burentogtokh,MN6713,198.33,7.45,11.03,0.14,91.25,88.47,103.43,7.33,6.48,0.29,47.81,41.52,163.15,16.06,24.98,0.45,75.34,46.32,137.29,13.8,21.48,0.48,63.56,37.98,121.7,11.28,16.43,0.8,71.39,21.81
Khovsgol,Chandmani-Undur,MN6761,44.09,3.51,14.34,-,10.58,15.66,37.74,4.27,13.49,-,9.59,10.38,38.72,4.14,16.06,-,11.16,7.36,33.28,4.23,14.05,-,9.57,5.43,31.52,4.83,12.56,-,10.34,3.79
Khovsgol,Erdenebulgan,MN6767,56.96,4.63,12.64,-,19.03,20.66,41.22,5.86,10.45,-,15.01,9.91,42.27,5.78,16.34,-,14.58,5.58,33.76,5.47,13.43,-,11.65,3.21,37.13,5.25,15.2,-,15.37,1.32
Khovsgol,Galt,MN6716,215.87,10.02,11.42,0.03,100.04,94.36,151.29,12.63,11,0.1,68.71,58.85,167.88,17.5,27.54,0.15,73.49,49.21,146.53,15.36,27.11,0.2,64.76,39.1,114.83,10.11,19.19,0.19,65.56,19.78
Khovsgol,Ikh-Uul,MN6722,189.47,8.54,13.16,0.03,68.74,99.01,125.88,9.49,11.87,0.05,43.44,61.04,116.98,9.91,18.94,0.03,42.62,45.48,85.31,7.92,14.93,0.01,30.26,32.19,69.67,6.3,12.95,0.25,30.89,19.28
Khovsgol,Jargalant,MN6719,118.65,5.06,7.79,0.02,58.15,47.63,65.08,6.67,7.12,0.03,28.08,23.18,101.82,11.94,20.38,0.04,40.84,28.63,93.47,10.93,20.16,0.07,38.92,23.39,74.93,7.47,12.23,0.08,44.07,11.07
Khovsgol,Khankh,MN6746,31.19,2.63,10.29,0.01,8.27,9.98,26.47,3.19,9.55,0.01,7.08,6.64,21.05,2.46,8.98,0.01,5.64,3.96,15.95,2.28,7.55,0.01,3.99,2.14,19.75,2.63,8.54,0.01,6.89,1.68
Khovsgol,Murun,MN6701,134.02,4.22,8.55,0.03,47.92,73.31,85.79,5.41,6.61,0.03,33.02,40.71,111.59,9.11,20.15,0.07,46.36,35.9,81.5,5.46,15.93,0.02,35.47,24.63,65.43,3.38,13,0.04,36.4,12.62
Khovsgol,Rashaant,MN6725,151.39,7.43,11.1,-,65.05,67.81,109.05,8.95,10.7,-,44.34,45.06,104.32,10.08,17.46,-,41.85,34.93,71.09,7.99,13.16,-,27.66,22.28,69.52,5.72,11.56,-,37.22,15.02
Khovsgol,Renchinlkhumbe,MN6728,107.6,9.33,23.78,0.16,40.29,34.05,93.97,9.57,21.38,0.17,35.26,27.59,85.39,8.14,22.98,0.15,34.14,19.98,70.62,6.98,19.63,0.14,30.02,13.84,76.1,6.11,16.47,0.19,44.89,8.44
Khovsgol,Shine-Ider,MN6764,144.94,5.82,9.32,0.06,81.12,48.62,94.73,7.1,8.59,0.11,51.7,27.23,124.58,11.8,24.45,0.13,63.06,25.14,110.74,10.32,23.81,0.15,54.63,21.83,88.49,7.31,15.97,0.22,52.69,12.3
Khovsgol,Tarialan,MN6731,137.24,8.29,15.55,0.03,54.22,59.16,108.71,10.71,14.78,0.03,42.47,40.73,100.67,10.71,22.18,-,40.76,27.03,71.44,9.54,16.63,0.01,30.23,15.03,63.88,7.81,17.79,-,31.42,6.87
Khovsgol,Tomorbulag,MN6737,180.73,5.43,8.54,0.03,59.01,107.72,113.2,7.37,6.66,0.05,36.95,62.17,127.6,11.94,18.78,0.07,41.46,55.35,111.19,12.22,18.12,0.08,35.49,45.27,105.49,10.15,13.56,0.09,43.11,38.58
Khovsgol,Tosontsengel,MN6734,191.2,7.21,12.37,0.03,81.36,90.23,120.51,8.53,10.78,0.04,47.99,53.18,125.53,11.46,21.36,0.04,50.67,41.99,93.49,9.74,17.46,0.04,37.25,29.01,87.34,8.24,12.69,0.04,47.86,18.51
Khovsgol,Tsagaannuur,MN6749,9.94,1.14,3.04,0,2.58,3.16,9.55,1.37,2.82,0.01,2.76,2.6,8.32,1.07,3.04,0,2.75,1.47,7.24,0.98,2.64,0.01,2.62,1,8.03,1.16,2.18,0.02,4.34,0.34
Khovsgol,Tsagaan-Uul,MN6752,223.04,9.92,11.68,0.62,113.8,87.03,113.17,9.33,5.66,0.72,58.51,38.95,240.11,27.4,37.19,1.59,117.08,56.85,192.45,22.65,31.08,1.41,93.11,44.21,153.81,16.25,21.61,1.27,92.58,22.1
Khovsgol,Tsagaan-Uur,MN6755,25.04,3.36,12.06,-,4.56,5.05,20.86,3.62,10.42,-,4.15,2.67,25.03,4,14.07,-,5.43,1.53,21.44,4.03,12.22,-,4.23,0.96,21.94,4.55,12.71,-,4.26,0.42
Khovsgol,Tsetserleg,MN6758,163.86,9.18,11.89,0.57,75.35,66.87,71.69,8.52,5.97,0.62,32.49,24.09,182.57,24.01,31.32,1.31,82.76,43.18,172.51,22.55,29.43,1.38,81.2,37.94,123.86,14.69,18.69,0.97,71.99,17.52
Khovsgol,Tunel,MN6740,125.13,5.78,12.96,0.08,44.63,61.68,74.86,7.02,8.83,0.06,24.6,34.35,81.77,8.7,17.17,0.05,28.23,27.63,59.07,7.56,12.93,0.03,20.4,18.16,69.28,7.46,12.05,0.01,36.94,12.82
Khovsgol,Ulaan-Uul,MN6743,91.45,7.17,19.85,0.22,33.98,30.24,65.56,7.06,16.58,0.2,21.3,20.42,74.83,7.36,23.44,0.19,25.66,18.18,60.93,6.33,20.04,0.18,21.27,13.11,56.15,5.14,15.86,0.21,27.59,7.36
Tov,Altanbulag,MN4104,153.24,17.58,7.62,0.07,69.87,58.1,96.42,13.01,4.49,0.15,46.14,32.62,153.92,22.59,14.28,0.32,78.09,38.63,117.3,16.78,13.91,0.3,60.27,26.04,100.58,11.87,9.78,0.26,63.04,15.64
Tov,Argalant,MN4107,58.29,4.1,2.84,0.04,28.51,22.81,36.26,3.25,1.93,0.01,17.69,13.39,61.53,6.05,4.56,0.01,35.12,15.78,59.48,6.55,6.89,0.05,33.18,12.81,48.62,5.32,6.33,0.06,31.83,5.08
Tov,Arkhust,MN4110,54.12,4.99,2.34,0.03,26.44,20.32,31.57,2.92,1.4,0.04,17.51,9.7,48.74,5.9,4.46,0.05,28.91,9.42,38.49,5.62,4.35,0.02,24.36,4.13,30.6,3.5,3.11,0.01,22.82,1.16
Tov,Batsumber,MN4113,54.68,4.91,12.75,0.03,19.19,17.81,59.21,7.52,10.01,0.04,24.41,17.22,46.14,5.77,9.08,0.02,21.97,9.31,54.45,6.83,11.26,0.03,29.32,7.01,44.16,5.64,9.25,-,27.62,1.64
Tov,Bayan,MN4116,60.87,8.02,2.64,0.19,30.2,19.82,28.56,4.62,0.99,0.21,15.71,7.02,80,16.45,6.49,0.34,42.76,13.97,60.09,12.89,4.9,0.3,31.8,10.19,62.3,12.9,4.54,0.65,37.98,6.24
Tov,Bayanchandmani,MN4137,38.47,2.9,4.35,-,16.11,15.11,27.5,2.88,2.27,0.02,12.76,9.57,28.69,3.04,2.96,0.01,16.73,5.96,36.15,4.14,4.96,0,21.14,5.9,32.39,4.18,5.2,0,20.26,2.76
Tov,Bayandelger,MN4119,79.58,7.38,4.35,0.04,43.85,23.97,61.99,6.64,3.64,0.1,35.1,16.51,61.21,6.93,5.21,0.11,37.14,11.83,65.05,7.61,8.66,0.12,37.87,10.79,55.13,5.46,7.52,0.06,37.39,4.7
Tov,Bayanjargalan,MN4122,114.81,12.11,4.5,0.55,59.97,37.69,62.18,7.17,2.08,0.46,34.45,18.01,102.48,14.14,10.5,0.58,52.57,24.7,67.79,10.7,7.05,0.47,33.22,16.36,57.97,9.12,5.13,0.57,33.37,9.78
Tov,Bayankhangai,MN4128,56.87,3.26,2.15,0.05,28.33,23.08,43.65,3.64,1.89,0.07,22.34,15.71,42.64,5.39,3.7,0.02,22.78,10.75,31.33,4.11,4.33,-,16.8,6.1,34.47,3.27,3.96,0.02,23.82,3.4
Tov,Bayan-Onjuul,MN4125,151.83,15.66,6.71,0.22,72.55,56.69,96.5,11.93,5.7,0.25,50.37,28.26,141.14,22.93,14.07,0.37,70.46,33.31,111.07,17.76,11.15,0.46,54.55,27.16,103.73,15.29,9.45,0.83,56.06,22.11
Tov,Bayantsagaan,MN4131,121.3,9.97,3.45,0.25,61.09,46.54,64.82,7.29,1.55,0.3,34.95,20.74,163.77,24.35,12.71,0.55,87.72,38.44,122.48,17.52,8.87,0.54,67.59,27.97,111.17,13.96,5.97,0.81,74.61,15.81
Tov,Bayantsogt,MN4134,65.13,6.1,3.94,0.01,30.09,25,41.01,5.52,2.13,0.01,20.92,12.43,66.75,7,5.45,0.01,41.92,12.37,71.7,8.2,8.12,0.02,46.46,8.9,58.25,6.89,6.84,0.05,41.94,2.53
Tov,Bornuur,MN4140,65.68,4.8,6.51,0.06,28.15,26.16,53.4,5.06,4.92,0.05,26,17.38,53.35,5.53,6.05,0.07,31.36,10.34,51.4,5.16,8.13,0.02,31.61,6.49,48.84,4.87,7.34,0.02,35.27,1.34
Tov,Buren,MN4143,149.96,15.11,7.5,0.11,74.16,53.09,107.99,16.39,7.12,0.26,56.92,27.3,162.12,26.93,18.74,0.46,83.52,32.48,128.92,22.31,14.42,0.46,68.06,23.68,104.86,16.7,10.39,0.46,63.21,14.1
Tov,Delgerkhaan,MN4146,65.87,5.44,3.98,0.05,30.84,25.56,39.53,4.33,2.58,0.07,19.74,12.81,72.67,10.03,8.74,0.19,34.92,18.79,66.38,9,7.94,0.18,33.46,15.79,46.52,5.34,4.42,0.12,29.2,7.43
Tov,Erdene,MN4176,107.88,7.26,11.58,0.03,50.78,38.23,75.6,7.82,9.32,0.03,37.14,21.3,68.7,7.9,10.45,0.02,36.15,14.19,63.79,7.72,12.34,0.04,32.45,11.24,56.55,5.36,9.26,0.03,35.82,6.07
Tov,Erdenesant,MN4179,169.76,13.83,5.49,0.12,86.38,63.94,117.8,12.13,6.06,0.11,59.45,40.05,182.01,24.36,20.67,0.09,91.96,44.93,147.03,19.83,18.5,0.06,78.18,30.46,137.95,13.43,14.02,0.03,88.98,21.48
Tov,Jargalant,MN4149,62.49,3.87,4.53,0,28.77,25.32,66.5,6.74,5.06,0.03,33.48,21.2,65.93,6.8,8.44,0.06,37.05,13.59,54.06,5.6,8.05,0,33.6,6.82,57.14,4.77,8.74,0,41.28,2.34
Tov,Lun,MN4155,119.99,9.23,4.77,0.14,61.2,44.65,110.37,11.67,4.89,0.19,57.84,35.78,130.99,14.76,14.46,0.24,71.88,29.65,91.87,11.2,12.84,0.1,50.45,17.28,83.61,9.21,11.73,0.18,53.67,8.82
Tov,Mungunmorit,MN4158,33.15,3.16,7.38,0.03,13.77,8.81,34.38,4.47,8.53,0.03,14.36,6.99,28.98,4.78,8.24,0.03,12.52,3.41,25.83,4.66,7.79,0.04,10.86,2.48,27.66,4.11,7.06,0.03,15.12,1.35
Tov,Sergelen,MN4167,76.3,10.68,3.76,0.05,38.43,23.39,44.48,6.61,1.96,0.07,25.55,10.29,86.05,14.94,5.51,0.13,49.92,15.55,84.73,16.66,6.69,0.33,48.32,12.73,73.8,12.64,5.69,0.41,47.82,7.24
Tov,Sumber,MN4164,22.41,1.36,2.22,-,9.91,8.92,21.91,2.02,1.49,-,11.54,6.86,25.13,2.13,2.62,-,15.42,4.97,23.35,2,2.93,-,15.27,3.15,20.77,1.52,3.56,-,14.62,1.07
Tov,Tseel,MN4173,45.62,4.23,2.63,0.03,20.49,18.23,56.29,5.97,4.08,0.09,27.47,18.69,56.91,6.52,6.96,0.24,29.61,13.58,45.62,5.71,6.52,0.35,25.29,7.76,40.42,4.65,6.37,0.55,25.38,3.47
Tov,Undurshireet,MN4161,87.43,8.1,3.91,0.04,40.81,34.58,76.12,9.67,4.86,0.06,35.62,25.92,93.02,13.99,12.37,0.11,42.62,23.93,74.01,11.18,9.79,0.12,36.1,16.83,90.5,9,8.85,0.2,60.01,12.45
Tov,Zaamar,MN4152,72.53,5.66,3.05,0,32.09,31.73,73.15,8.46,5.13,0.07,32.93,26.55,92.4,11.9,14.06,0.13,42.32,23.99,65.28,9.3,11.53,0.17,30.87,13.41,60.17,6.68,12.03,0.23,33.59,7.65
Tov,Zuunmod,MN4101,32.5,2.91,2.78,-,14.8,12.01,20.05,1.66,1.95,-,10.46,5.98,36.65,4.16,3.35,0.01,21.69,7.45,45.94,5.76,5.48,0,26.81,7.88,38.37,4.36,4.38,0.01,25.09,4.54
Govisumber,Bayantal,MN4204,19.11,1.95,0.5,0.13,6.58,9.95,4.78,0.6,0.18,0.04,1.34,2.63,13.99,1.46,1.63,0.05,5.89,4.97,8.13,0.8,0.86,0.03,3.67,2.77,3.28,0.15,0.45,0.01,1.98,0.7
Govisumber,Shiveegovi,MN4207,21.49,1.02,0.72,0.05,8.85,10.85,15.7,1.07,0.56,0.06,6.66,7.34,19.32,1.36,2.42,0.08,9,6.46,14.71,1.1,1.55,0.11,7.23,4.73,7.89,0.47,1.07,0.06,4.29,2
Govisumber,Sumber,MN4201,129.64,9.05,3.55,0.33,53.46,63.25,59.57,5.59,1.52,0.28,24.71,27.47,103.2,11.85,11.11,0.39,49.16,30.69,87.9,8.4,8.52,0.32,49.04,21.63,88.79,5.77,6.63,0.28,64.46,11.65
Selenge,Altanbulag,MN4304,34.15,1.44,4.58,0.01,16.11,12.01,31.96,2.13,5.16,0.02,15.28,9.37,19.2,1.76,4.42,0,9.04,3.97,15.96,1.53,3.85,-,8.07,2.51,16.7,1.79,5.62,-,8.54,0.75
Selenge,Baruunburen,MN4307,77.63,4.34,6.02,0.05,36.59,30.64,66.19,4.4,7.79,0.03,32.9,21.07,78.78,5.22,10.47,0.01,46.21,16.87,57.22,4.19,7.61,-,36.03,9.39,50.4,3.34,5.99,0,36.86,4.22
Selenge,Bayangol,MN4310,76.84,4.35,6.08,0.01,37.78,28.63,62.52,5.59,6.15,0.05,31.98,18.76,52.84,4.49,8.51,0,29.53,10.29,40.58,3.76,7.85,0,23.42,5.54,36.94,2.89,6.71,0.02,25.07,2.25
Selenge,Javkhlant,MN4316,57.43,1.78,3.56,0,26.63,25.47,60.66,2.8,5.62,0.03,27.96,24.26,23.04,1.16,2.8,0.01,11.69,7.38,21.39,1.06,2.12,-,12.81,5.39,18.37,0.96,1.56,-,13.37,2.48
Selenge,Khuder,MN4340,17.73,1.37,3.57,0.01,7.44,5.34,13.51,1.42,2.89,0.01,6,3.18,8.26,1.2,2.83,-,3.07,1.16,8.16,1.24,3.11,-,2.92,0.89,9.71,1.22,3.92,-,4.15,0.42
Selenge,Khushaat,MN4343,41.78,0.93,2.81,0.04,19.88,18.13,29.31,1.85,3.49,0.02,12.25,11.71,15.7,1.13,3.43,-,6.21,4.93,11.69,1.02,3.21,0.01,4.34,3.12,12.62,1.06,3.81,0,5.92,1.84
Selenge,Mandal,MN4322,81.07,6.58,14.68,0.1,29.39,30.31,75.57,6.45,13.82,0.11,33.55,21.65,83.72,7.67,17.34,0.03,41.62,17.05,74.3,7.25,17.32,0.04,39.11,10.59,27.75,2.32,5.34,-,19.26,0.83
Selenge,Orkhon,MN4325,31.96,1.52,3.03,0.01,12.65,14.76,35.51,2.82,5.35,0.01,15.55,11.79,37.07,2.48,6.95,0,19.15,8.49,26.77,2.09,5.33,-,14.92,4.44,28.63,1.35,4.84,0,20.06,2.38
Selenge,Orkhontuul,MN4328,45.34,4.18,3.35,0.22,17.98,19.61,53.69,5.52,6.01,0.33,24.12,17.7,62.92,6.26,11.87,0.29,29.72,14.79,46.85,5.11,11.35,0.29,21.54,8.56,42.19,3.48,13.46,0.25,20.12,4.88
Selenge,Saikhan,MN4331,49.24,2.05,4.15,0,22.49,20.55,35.8,2.76,4.52,0.02,15.17,13.33,43.55,2.85,6.37,0.01,21.92,12.41,32.32,2.2,4.77,-,18.19,7.17,25.95,1.3,3.46,-,18.41,2.79
Selenge,Sant,MN4334,36.7,1.55,3.18,-,15.02,16.96,26.86,1.29,3.41,0.06,11.58,10.52,24.19,1.23,4.48,0,13.52,4.96,20.49,1.28,3.75,0,12.93,2.52,24,1.32,4.2,-,17.67,0.82
Selenge,Shaamar,MN4349,19.06,0.74,3.71,-,6.38,8.23,20.36,1.16,4.3,-,7.04,7.87,22.68,1.19,4.69,-,10.16,6.64,19.59,1.33,4.2,-,9.37,4.69,16.39,0.97,3.1,-,9.85,2.47
Selenge,Sukhbaatar,MN4301,19.86,1.28,3.59,-,6.66,8.33,25.45,1.64,5,0.02,8.96,9.85,26.91,1.68,5.37,0.01,12.42,7.43,25.22,1.48,5.87,-,12.51,5.36,17.4,1.51,5.1,0,8.66,2.13
Selenge,Tsagaannuur,MN4346,82.35,2.62,8.39,0.01,40.04,31.29,62.16,3.39,6.91,0.04,36.03,15.79,53.55,3.5,6.88,0.01,34.42,8.73,42.74,2.65,5.31,0,29.79,5,40.79,1.45,4.23,-,33.08,2.02
Selenge,Tushig,MN4337,-,-,-,-,-,-,18.77,0.97,3.59,-,9.96,4.25,17.23,1.34,4.33,0,9.58,1.98,14.31,1.32,3.56,-,8.5,0.93,17.94,1.41,4.35,-,11.77,0.41
Selenge,Yeruu,MN4313,46.36,1.81,6.35,0,18.76,19.43,38.54,2.27,6.76,0.03,16.07,13.4,25.17,1.83,5.95,0.01,12.42,4.97,23.21,1.79,5.77,0.01,13.38,2.27,20.47,1.19,3.24,-,15.65,0.39
Selenge,Zuunburen,MN4319,32.74,1.19,3.96,0.01,14.98,12.61,26.54,1.1,3.3,0.01,12.32,9.81,27.82,1.28,2.93,0.01,17.22,6.38,25.79,1.47,3.12,0.01,16.62,4.57,24.78,1.36,2.77,0,18,2.65
Dornogovi,Airag,MN4404,51.37,4.63,1.54,0.85,24.57,19.78,67.93,7.44,2.25,1.14,30.91,26.19,68.96,9.88,6.5,1.16,31.04,20.38,65.89,7.96,6.11,0.97,31.39,19.46,71.54,6.65,4.98,1.12,45.86,12.94
Dornogovi,Altanshiree,MN4407,41.58,3.89,1.37,0.88,20.43,15.01,55.02,6.34,2.2,1.14,26,19.34,69.35,9.24,7.17,1.09,35.69,16.16,53.37,7.22,6.4,1.03,27.84,10.88,63.31,7.37,5.87,1.36,39.46,9.25
Dornogovi,Dalanjargalan,MN4410,71.94,5.16,2.3,0.6,36.44,27.45,69.16,5.89,1.9,0.71,36.56,24.11,94.83,11.04,9.53,0.9,51.11,22.26,80.43,8.65,8.5,0.78,44.18,18.32,72.35,6.05,6.64,0.95,47.44,11.28
Dornogovi,Delgerekh,MN4413,81.46,7.62,3.74,1.08,38.83,30.19,71.14,8.06,3.17,1.1,34.28,24.54,97.78,13.31,9.89,1.14,49.89,23.55,78.5,9.31,9.5,1.11,41.68,16.91,81.76,6.99,8.5,0.9,54.99,10.38
Dornogovi,Erdene,MN4440,33.37,4.03,1.35,1.76,11.51,14.72,52.51,5.11,3.75,2.17,20.27,21.21,87.01,10.52,9.96,2.29,34.19,30.06,68.86,8.03,7.47,2.08,29.38,21.9,70.33,7.46,6.49,2.59,36.2,17.59
Dornogovi,Ikhkhet,MN4419,62.45,4.96,3.06,0.27,28.27,25.89,57.41,4.81,2.52,0.33,31.66,18.1,67.07,7.69,7.74,0.44,36.06,15.14,57.18,6.84,7.11,0.41,30.43,12.4,67.29,5.84,7.34,0.49,44.05,9.56
Dornogovi,Khatanbulag,MN4434,116.37,6.42,5.62,4.87,33.79,65.68,86.92,5.98,3.91,4.72,26.98,45.34,139.85,11.71,12.95,6.01,50.63,58.55,125.02,9.94,12.88,6.32,46.45,49.44,109.02,8.63,11.32,9.76,44.7,34.6
Dornogovi,Khovsgol,MN4437,48.65,3.87,1.77,3.26,13.31,26.44,46.73,4.17,2.28,3.33,13.48,23.46,88.01,9.54,6.78,3.45,31.76,36.49,72.48,7.15,5.85,3.27,27.57,28.64,66,6.45,4.83,6.2,27.02,21.51
Dornogovi,Mandakh,MN4422,47.03,3.1,0.76,4.39,14.75,24.04,71.02,5.88,2.52,4.48,25.29,32.85,80.44,8.28,5.03,4.79,31.11,31.23,65.12,6.6,4.55,5.27,25.72,22.98,54.81,5.75,3.45,9.56,20.54,15.52
Dornogovi,Orgun,MN4425,36.66,3.51,1.64,0.89,17.11,13.5,67.49,6.14,3.77,1.32,31.42,24.85,80.71,8.88,8.31,1.3,37.89,24.33,63.09,6.55,6.18,1.08,30.76,18.52,61.81,5.65,4.32,1.62,34.91,15.31
Dornogovi,Saikhandulaan,MN4428,37.08,3.17,0.81,2.04,14.31,16.75,65.62,6.5,4.1,2.55,23.34,29.12,65.06,7.64,5.28,2.47,24.74,24.93,54.16,6.08,4.36,2.58,21.48,19.65,52.44,4.72,3.84,6.46,23.26,14.17
Dornogovi,Sainshand,MN4401,18.52,1.42,0.57,1.28,7.15,8.09,55.62,4.04,2.74,1.92,20.07,26.85,62.85,4.95,5.57,1.51,24.13,26.68,48.5,3.3,4.98,1.12,19.86,19.25,17.89,0.95,2.41,0.16,8.91,5.48
Dornogovi,Ulaanbadrakh,MN4431,57.66,4.94,2.26,3.05,18.71,28.7,55.85,4.15,2.04,3.1,19.09,27.47,96.88,9.26,7.47,3.64,35.26,41.25,81.68,7.47,6.19,3.79,31.36,32.87,82.32,5.49,4.26,5.32,40.46,26.81
Dornogovi,Zamiin-Uud,MN4416,8.25,0.83,0.4,0.31,2.65,4.06,3.36,0.33,0.21,0.17,1.04,1.61,11.45,1.24,1.51,0.14,3.93,4.64,8.31,0.7,1,0.15,3.31,3.16,-,-,-,-,-,-
Darkhan-Uul,Darkhan,MN4501,49.16,1.65,7.61,0.08,19.19,20.63,47.72,2.77,8.31,0.03,21.03,15.58,58.76,3.52,12.79,0.03,29.14,13.28,59.97,4.04,14.22,0.02,30.2,11.51,108.97,7.76,22.88,0.05,64.23,14.06
Darkhan-Uul,Khongor,MN4507,61.31,3.51,4.85,0,30.84,22.12,49.67,3.92,5.29,0.03,23.91,16.52,48.97,4.12,7.73,0.04,24.86,12.22,37.9,3.84,6.47,0.01,20.46,7.12,36.54,2.52,4.98,0,26.11,2.94
Darkhan-Uul,Orkhon,MN4504,29.89,1,4.74,0.25,13.59,10.3,34.67,1.69,6.42,0.07,15.3,11.19,33.95,2.34,6.8,0.04,15.79,8.98,13.24,1.09,3.44,0.01,5.92,2.78,-,-,-,-,-,-
Darkhan-Uul,Shariin gol,MN4510,39.83,1.65,3.94,0.01,19.05,15.2,33.98,2.29,4.51,0.01,16.88,10.29,37.69,2.73,6.05,0.01,20.25,8.65,26,2.35,4.98,0,14.41,4.25,-,-,-,-,-,-
Omnogovi,Bayandalai,MN4604,92.12,3.49,1,2.08,19.63,65.93,72.5,2.72,0.66,1.94,17.36,49.82,120.95,8.77,4.14,3.61,30.6,73.83,97.82,7.13,3.89,3.55,25.39,57.87,70.71,4.69,3.19,3.7,20.67,38.46
Omnogovi,Bayan-Ovoo,MN4607,64.49,3.03,0.51,4.16,14.9,41.89,46.28,2.59,0.35,3.97,12.12,27.25,74.55,6.41,2.53,5.1,22.71,37.79,57.18,4.71,1.62,5.01,17.56,28.28,40.71,4.07,0.87,6.33,12.94,16.49
Omnogovi,Bulgan,MN4610,80.26,3.18,0.77,3.24,23.98,49.09,70.68,4.19,0.89,3.53,23.62,38.46,96.05,9.35,3.32,4.63,32.3,46.45,80.74,7.26,2.94,4.36,26.49,39.69,63.76,4.66,2.32,4.44,22.43,29.91
Omnogovi,Dalanzadgad,MN4601,46.07,0.78,0.46,1.04,12.09,31.7,32.99,0.69,0.33,0.45,10.62,20.9,81.42,3.56,2.41,1.04,26.61,47.8,61.99,2.18,1.64,0.84,20.53,36.8,36.27,1.1,1.52,0.44,14.92,18.3
Omnogovi,Gurvantes,MN4613,92.11,1.04,0.12,3.8,6.71,80.43,61.37,0.7,0.06,4.6,5.35,50.66,156.59,3.44,0.58,9.1,23.19,120.28,141.71,2.77,0.87,8.82,22.66,106.6,75.43,1.56,0.57,8.66,12.46,52.19
Omnogovi,Khanbogd,MN4631,71.29,3.18,1.33,13.91,18.83,34.03,52.76,3.11,0.77,11.51,15.85,21.52,86.42,5.55,3.92,13.68,34.84,28.44,71.28,4.29,3.41,12.54,30.46,20.58,53.67,2.53,3.09,14.85,24.89,8.32
Omnogovi,Khankhongor,MN4634,100.84,4.07,0.7,4.55,28.05,63.48,76.09,3.79,0.59,4.78,24.66,42.27,141.61,14.53,3.21,6.29,46.09,71.49,110.88,10.27,2.63,5.09,34.63,58.27,82.52,7.35,2.17,5.16,29.48,38.36
Omnogovi,Khurmen,MN4637,61.39,1.45,0.27,4.35,11.95,43.37,35.51,0.77,0.17,4.13,7.93,22.52,93.34,7.93,2.05,7.42,25.74,50.2,81.64,6.23,2.16,7.11,22.92,43.22,57.06,4.21,1.49,7.6,18.2,25.56
Omnogovi,Mandal-Ovoo,MN4616,79.07,3.99,0.48,10.47,23.07,41.05,68.91,4.4,0.6,12.02,20.78,31.11,110.56,10.15,2.51,14.63,35.85,47.43,91.32,7.52,2.26,13.39,29.68,38.47,66.26,4.68,1.99,13.71,24.23,21.65
Omnogovi,Manlai,MN4619,82.24,5.4,0.86,7.12,25.22,43.65,78.99,6.75,0.89,6.27,24.07,41.01,102.57,10.6,3.59,6.5,31.95,49.94,74.24,7.26,2.1,5.95,23.51,35.42,47.64,5.58,1.26,6.83,17.42,16.55
Omnogovi,Nomgon,MN4625,135.21,3.05,0.72,4.67,16.06,110.71,90.93,2.23,0.38,4.61,12.6,71.1,141.65,10.17,2.01,6.49,25.66,97.33,120.83,8.06,1.62,6.48,23.18,81.48,75.72,5.28,0.81,8.25,15.89,45.48
Omnogovi,Noyon,MN4622,52.25,0.77,0.06,3.38,4.73,43.31,45.89,0.62,0.06,4.52,4.87,35.82,81.88,2.45,1.09,6.8,13.94,57.6,66.89,2.06,1.04,6.44,12.34,45.02,42.91,1.16,0.57,6.78,7.89,26.51
Omnogovi,Sevrei,MN4628,87.78,2.52,0.47,2.84,13.32,68.63,76.15,2.76,0.49,3.19,13.69,56.02,124.66,6.36,2.21,4.82,25.39,85.88,108.75,4.82,2.38,5.02,22.92,73.61,75.85,2.65,1.28,5.77,17.02,49.12
Omnogovi,Tsogt-Ovoo,MN4640,44.19,2.52,0.3,4.3,13.21,23.86,43.36,2.59,0.29,4.61,15.48,20.38,89,8.71,1.83,6.06,31.96,40.43,76.22,6.62,1.32,5.86,27.5,34.92,63.14,4.92,1.03,7.39,29.14,20.67
Omnogovi,Tsogttsetsii,MN4643,66.46,3.74,0.67,1.74,20.63,39.69,56.73,4.3,0.35,1.87,18.67,31.54,107.63,10.97,4.23,2.62,37.16,52.65,79.34,7.53,2.85,2.48,27.25,39.23,48.32,5.45,1.72,2.18,19.25,19.72
Dundgovi,Adaatsag,MN4804,148.15,10.33,5.19,0.58,64.72,67.34,95.85,8.18,3.68,0.56,46.01,37.43,146.61,16.48,11.61,0.76,68.75,49.02,116.78,13.39,9.32,0.79,56.66,36.61,89.8,7.89,6.2,0.6,53.91,21.2
Dundgovi,Bayanjargalan,MN4807,69.73,4.05,1.77,0.15,32.96,30.8,60.46,4.93,2.03,0.21,28.3,24.98,67.35,6.94,6.4,0.3,30.43,23.28,64.88,6.62,6.76,0.35,27.98,23.17,69.94,6.29,9.48,0.62,34.2,19.35
Dundgovi,Delgerkhangai,MN4816,86.88,3.82,0.9,2.72,29.51,49.93,67.35,3.46,0.69,2.5,23.66,37.04,111.6,10.81,3.51,3.63,40.42,53.23,107.95,10.56,5.46,3.78,36.85,51.3,101.04,8.13,5.23,6.73,44.99,35.96
Dundgovi,Delgertsogt,MN4819,104.95,5.64,3.28,0.37,45.5,50.17,80.53,6.28,2.73,0.38,36.03,35.12,119.02,12.66,9.49,0.4,52.62,43.85,93.9,10.01,7.29,0.39,41.83,34.39,83.69,8.62,5.98,0.24,46.05,22.79
Dundgovi,Deren,MN4822,144.75,10.25,4.12,0.94,68.84,60.6,111.96,10.09,3.02,0.97,55.02,42.87,156.86,18.61,11.89,1.06,74.4,50.89,120.44,13.86,8.91,0.93,56.53,40.21,95.51,11.56,7.01,1.06,53.44,22.44
Dundgovi,Erdenedalai,MN4843,301.02,16.15,9.84,1.18,141.45,132.41,191.75,12.23,6.97,1.18,98.87,72.5,301.13,32.5,22.05,2.45,150.93,93.2,285.92,30.57,22.68,2.86,141.65,88.16,252.26,26.9,16.28,3.19,146.7,59.19
Dundgovi,Govi-Ugtaal,MN4810,111.57,6.08,1.9,0.34,53.6,49.64,91.62,7.9,1.57,0.42,43.74,37.98,118.79,10.78,7.9,0.54,57.96,41.61,95.93,7.63,5.56,0.49,47,35.26,80.39,5.7,3.47,0.37,50.03,20.83
Dundgovi,Gurvansaikhan,MN4813,146.09,5.46,2.23,1.28,74.78,62.34,119.13,7.63,2.17,1.32,58.28,49.72,156.38,13.48,10.16,1.79,73.28,57.67,134.24,11.54,8.27,1.87,62.12,50.44,114.66,10.37,6.93,3.04,58.85,35.47
Dundgovi,Khuld,MN4837,119.97,6.04,0.89,2.48,55.64,54.92,88.87,6.67,0.54,2.16,39.93,39.57,135.12,13.65,2.34,3.37,57.97,57.8,139.21,12.16,4.35,4.05,58.64,60.01,107.43,10.04,3.73,4.5,50.06,39.09
Dundgovi,Luus,MN4825,110.4,7.29,2.38,0.3,52.63,47.8,97.95,8.55,1.86,0.44,49.84,37.26,118.57,11.62,4.89,0.77,61.64,39.65,106.04,10.1,5.51,0.92,53.99,35.52,88.22,7.48,4.41,0.9,51.78,23.65
Dundgovi,Olziit,MN4828,126.89,5.69,0.94,5.76,52.3,62.21,130.41,8.87,0.91,5.98,52.55,62.1,172.63,16.57,7.12,8.3,66.76,73.88,137.77,12.8,5.54,8.15,52.53,58.75,101.21,9.43,4.31,13.99,41.57,31.91
Dundgovi,Ondurshil,MN4831,63.37,4.21,1.07,1.22,31.38,25.49,59.07,6.35,2.11,1.05,27.14,22.41,69.03,8.84,5.08,1.44,30.91,22.76,61.18,7.69,4.59,1.54,27.47,19.89,56.06,6.26,3.55,2.63,29.67,13.96
Dundgovi,Saikhan-Ovoo,MN4834,114.6,5.51,1.26,1.06,50.28,56.5,78.65,4.29,0.76,1.04,34.29,38.26,114.08,11.09,4.79,1.32,49.43,47.46,100.35,9.53,4.5,1.3,45.05,39.98,107.3,9.46,3.52,1.32,59.49,33.51
Dundgovi,Saintsagaan,MN4801,191.2,10.57,3.2,0.83,86.07,90.54,158.43,12.28,2.99,0.98,74.13,68.05,221.8,20.63,11.09,1.51,104.01,84.55,139.63,14.19,6.92,1.41,63.44,53.66,129.65,10.98,6.06,1.15,71.88,39.57
Dundgovi,Tsagaandelger,MN4840,65.5,6.19,1.31,0.52,27.45,30.03,42.97,5.71,0.62,0.53,17.77,18.34,96.27,12.19,8.31,0.75,47.01,28.01,76.24,9.26,7,0.65,37.34,21.99,79.18,8.13,6.59,0.68,48,15.79
Dornod,Bayandun,MN2104,102.64,7.77,9.65,0.25,59.28,25.69,70.43,7.03,8.28,0.27,40.96,13.9,68.04,6.66,12.39,0.32,39.36,9.32,46.84,5.72,8.7,0.39,26.12,5.92,63.69,5.09,9.38,0.54,44.69,3.99
Dornod,Bayantumen,MN2107,74.2,8.76,5.85,0.56,36.37,22.65,51.2,7.22,4.97,0.48,27.91,10.63,35.22,5.49,5.2,0.34,18.35,5.84,29.42,5.1,5.02,0.38,14.63,4.29,41.22,4.27,4.26,0.47,30.01,2.21
Dornod,Bayan-Uul,MN2110,57.43,6.81,8.31,0.39,24.77,17.14,41.17,5.56,8.45,0.41,17.23,9.52,35.23,5.32,9.75,0.34,14.19,5.64,24.69,5.27,7.56,0.34,8.72,2.8,47.29,7.79,13.35,0.57,24.15,1.42
Dornod,Bulgan,MN2113,67.57,9.09,4.78,0.46,31.29,21.95,43.9,6.83,4.76,0.45,21.54,10.32,45.54,5.99,8.21,0.47,23.78,7.1,34.06,5.06,5.68,0.55,18.48,4.29,46.51,4.84,4.7,0.84,33.57,2.56
Dornod,Choibalsan,MN2137,77.76,10.29,8.31,0.6,35.35,23.21,56.33,9.18,7.21,0.53,28.82,10.59,55.12,6.66,9.48,0.48,32.57,5.94,36.13,5.15,6.57,0.45,20.97,2.99,39.45,4.66,6.69,0.57,26.17,1.35
Dornod,Chuluunkhoroot,MN2140,33.46,3.48,3.1,0.1,15.91,10.89,21.61,2.11,3.2,0.08,11.74,4.48,14.04,1.69,3.05,0.08,7.52,1.71,9.71,1.55,2.69,0.12,4.46,0.89,30.04,3.82,3.73,0.42,21.64,0.43
Dornod,Dashbalbar,MN2119,125.1,13.48,9.78,0.6,65.96,35.28,93.19,10.64,8.85,0.65,53.12,19.93,89.08,8.7,11.67,0.6,54.69,13.42,64,7.9,8.21,0.69,38.44,8.77,95.46,7.85,8.69,1.26,71.3,6.36
Dornod,Gurvanzagal,MN2116,49.08,7.51,5.72,-,20.04,15.56,29.03,5.42,4.76,0.22,12.2,6.43,26.47,4.51,5.98,0.22,11.33,4.42,17.99,3.52,4.13,0.21,7.59,2.54,31.1,2.93,4.44,0.28,21.36,2.1
Dornod,Khalkhgol,MN2128,36.93,6.29,8.78,0.36,12.81,8.68,33.34,6.18,7.6,0.36,13.48,5.71,29.86,5.36,8.39,0.35,12.68,3.09,29.87,5.26,9.5,0.42,12.6,2.1,35.73,3.51,5.73,0.53,24.6,1.37
Dornod,Kherlen,MN2101,105.08,10.44,10.66,0.34,45.23,38.42,84.91,10.74,9.95,0.38,42.12,21.73,121.54,14.45,25.69,0.41,64.06,16.94,84.21,9.88,17.9,0.29,47.83,8.31,64.44,8.53,13.81,0.19,39.07,2.85
Dornod,Kholonbuir,MN2131,60.96,8.8,4.76,0.4,29.97,17.02,52.37,8.5,6.08,0.4,26.45,10.93,46.8,6.96,7.27,0.36,25.68,6.53,35.92,5.89,6.06,0.36,19.29,4.33,45.39,6.66,5.49,0.62,30.38,2.24
Dornod,Matad,MN2122,80.16,13.61,9.26,0.93,33.02,23.33,56.97,10.72,8.5,0.91,25.1,11.74,51.3,9.73,10.2,0.93,23.2,7.25,42.99,8.72,7.99,0.9,20.42,4.95,60.05,8.21,7.09,1.11,41,2.65
Dornod,Sergelen,MN2125,115.97,14.91,8.66,0.68,59.42,32.3,85.69,12.76,6.72,0.64,46.95,18.62,97.32,10.91,16.13,0.62,53.87,15.79,69.36,8.32,12.03,0.65,38.38,9.99,67.21,7.39,10,0.9,42.87,6.06
Dornod,Tsagaan-Ovoo,MN2134,127.01,13.71,8.81,0.38,57.87,46.24,105.27,12.67,10.38,0.45,50.91,30.86,96.18,11.6,12.79,0.48,50.8,20.52,68.99,9.7,9.08,0.49,36.09,13.63,98.69,11.79,10.7,1.34,64.61,10.25
Sukhbaatar,Asgat,MN2204,98.73,15.57,8.35,0.67,42.07,32.07,80.9,13.98,6.46,0.63,33.39,26.44,75.88,12.78,9.94,0.66,31.9,20.6,58.4,10.55,7.63,0.69,24.99,14.55,58.01,11.11,7.43,0.78,31.13,7.56
Sukhbaatar,Baruun-Urt,MN2201,144.09,14.43,10.12,0.51,66.53,52.49,128.8,15.45,10.28,0.45,61.69,40.94,123.25,14.25,20.03,0.37,60.53,28.07,65.47,7.47,11.72,0.18,33.06,13.05,42.08,3.85,9.57,0.04,23.11,5.51
Sukhbaatar,Bayandelger,MN2207,167.52,11.87,9.36,0.79,77.35,68.16,204.07,16.78,15.56,1.37,90.77,79.6,194.81,17.64,23.57,1.42,87.71,64.47,143.8,12.01,17.07,1.37,65.1,48.26,157.3,10.99,16.1,2.04,86.98,41.19
Sukhbaatar,Dariganga,MN2210,117.98,12.68,10.82,0.51,57.5,36.46,94.05,11.14,8.35,0.54,48.8,25.22,90.81,10.92,11.75,0.6,46.85,20.69,69.79,8.98,9.28,0.54,36.38,14.6,64.31,7.51,8.62,0.55,39.16,8.47
Sukhbaatar,Erdenetsagaan,MN2237,175.94,24.06,21.28,1.11,62.26,67.22,142.48,22.39,19.4,1.09,58.61,40.99,134.23,21.76,23.33,1,60.1,28.04,102.42,18.38,16.89,0.9,47.94,18.31,123.69,16.71,14.24,0.8,79.3,12.64
Sukhbaatar,Khalzan,MN2234,84.47,9.48,5.32,0.56,39.6,29.52,79.89,9.92,5.61,0.63,38.82,24.91,79.45,9.39,10.12,0.67,41.12,18.16,53.16,6.7,6.4,0.66,28.67,10.74,61.09,6.43,6.22,0.81,41.2,6.43
Sukhbaatar,Munkhkhaan,MN2213,171.98,20.89,14.76,1.16,77.91,57.28,133.38,20.62,14.64,1.17,60.37,36.59,135.11,22.21,22.28,1.24,59.76,29.63,103.04,16.07,17.45,1.15,45.52,22.86,96.96,12.91,15.23,1.07,52.24,15.51
Sukhbaatar,Naran,MN2216,62.59,4.43,5.02,0.36,31.52,21.25,75.74,7.61,8.19,0.4,36.66,22.88,62.62,6.16,9.93,0.38,30.92,15.23,46.69,4.56,7.11,0.32,24.43,10.28,58.23,4.07,7.02,0.61,38.6,7.92
Sukhbaatar,Ongon,MN2219,134.49,12.2,8.75,0.99,72.3,40.25,159.92,17.21,14.95,1.14,84.21,42.42,143.96,15.75,18.27,1.07,77.23,31.65,105.63,11.7,13.43,0.99,57.57,21.95,123.78,13.02,14.88,1.69,77.97,16.22
Sukhbaatar,Sukhbaatar,MN2222,157.76,21.01,11.07,1.57,79.89,44.23,125,19.73,10.47,1.68,66.59,26.52,104.99,15.88,15.65,1.64,55.35,16.47,74.07,12.3,11.48,1.51,38.05,10.72,79.67,9.99,8.88,1.38,53.24,6.19
Sukhbaatar,Tumentsogt,MN2228,73.29,10.04,8.46,0.45,28.57,25.77,55.15,9.73,8.96,0.33,20.6,15.53,50.88,9.36,14.28,0.38,18.08,8.78,38.49,7.49,12.6,0.37,13.05,4.99,34.5,5.48,14.04,0.3,13.35,1.32
Sukhbaatar,Tuvshinshiree,MN2225,128.71,9.6,8.07,1.22,54.76,55.05,106.79,9.63,7.21,1.34,43.8,44.8,112.33,13.7,14.75,1.37,45.52,37,76.86,9.91,11.11,1.16,30.84,23.84,87.96,7.95,10.08,1.35,48.07,20.5
Sukhbaatar,Uulbayan,MN2231,116.61,10.08,7.2,1.34,60.58,37.41,129.9,14.65,10.27,1.64,66.66,36.68,142.26,18.5,17.42,1.67,74.73,29.94,103.07,13.7,13.74,1.39,54.05,20.19,111.09,10.83,12.07,1.27,72.93,13.99
Khentii,Batnorov,MN2304,181.47,20.68,15.54,0.46,81.78,62.99,137.11,20.3,14.54,0.6,58.09,43.58,116.84,18.56,19.86,0.6,48.65,29.18,91.94,14.66,15.62,0.6,36.84,24.22,102.3,12.11,14.51,0.59,57.31,17.77
Khentii,Batshireet,MN2307,30.8,3.38,9.29,0.01,12.02,6.1,26.2,3.41,8.41,0.01,10.8,3.58,29.9,4.3,10.93,0.01,12.5,2.16,22.93,4.04,8.02,0.02,9.65,1.2,35.18,4.31,9.67,0.07,20.3,0.83
Khentii,Bayan-Adarga,MN2310,47.64,4.49,6.68,0.11,20.47,15.89,44.49,6.9,8.07,0.16,18.42,10.95,32.25,5.8,8.23,0.17,11.64,6.43,25.1,5.82,6.12,0.21,8.34,4.61,52.69,6.09,11.15,0.31,30.53,4.62
Khentii,Bayankhutag,MN2319,150.71,14.42,8.06,0.56,79.56,48.11,96.21,12.6,5.08,0.61,53.06,24.87,106.57,16.19,13.33,0.73,51.45,24.88,77.13,14.28,10.81,0.66,34.38,17,72.28,10.31,8.3,0.44,42.99,10.24
Khentii,Bayanmunkh,MN2313,80.14,7.65,5.41,0.3,37.37,29.41,46.33,5.54,3.44,0.3,22.69,14.36,63.53,8.68,8.77,0.38,28.85,16.85,49.87,7,7.07,0.36,21.74,13.7,61.96,5.82,6.68,0.47,38.37,10.62
Khentii,Bayan-Ovoo,MN2316,78,9.53,7.53,0.52,36.57,23.85,62.9,8.2,7.67,0.52,28.24,18.28,49.76,7.12,9.05,0.5,20.18,12.91,40.87,6.34,7.83,0.44,16.02,10.24,64.72,7.77,7.18,0.67,38.89,10.21
Khentii,Binder,MN2322,87.39,10.23,15.59,0.18,33.29,28.11,72.5,11.41,16.1,0.25,26.08,18.66,71.39,11.89,19.38,0.38,24.71,15.04,54.73,10.41,15.27,0.36,17.87,10.82,76,10.78,20.12,0.41,35.95,8.74
Khentii,Dadal,MN2328,19.59,3.27,7.2,0.01,4.86,4.25,19.86,3.96,7.71,0.01,4.97,3.21,19.81,4.45,8.36,0.02,5,1.99,16.18,4.91,6.35,0.03,3.94,0.95,34,5.53,10.8,0.17,17.26,0.25
Khentii,Darkhan,MN2331,143.84,11.84,6.48,0.44,65.5,59.59,92.84,8.94,3.96,0.42,45.78,33.74,106.93,13.07,12.8,0.37,48.46,32.23,98.59,10.44,11.17,0.41,49.16,27.41,101.03,7.55,8.3,0.63,63.97,20.59
Khentii,Delgerkhaan,MN2334,146.04,11.79,7.67,0.23,74.11,52.25,105.97,9.54,5.48,0.25,58.91,31.8,138.21,11.88,12.12,0.33,82.44,31.44,97.99,8.83,9.08,0.31,59.98,19.78,96.73,7.25,7.4,0.33,68.07,13.68
Khentii,Galshar,MN2325,159.42,14.94,9.1,0.63,74.99,59.75,126.27,13.81,6.66,0.76,60.9,44.15,156.89,19.22,16.51,0.97,71.78,48.41,112.34,13.46,13.79,0.93,48.11,36.04,158.61,10.92,14.17,0.84,98.8,33.87
Khentii,Jargaltkhaan,MN2337,117.65,10.97,8.24,0.27,57.94,40.23,82.49,11.19,7.38,0.39,39.76,23.77,82.7,11.42,11.62,0.43,39.43,19.8,59.42,8.46,8.88,0.42,26.92,14.75,60.01,6.88,7.8,0.45,35.59,9.3
Khentii,Kherlen,MN2301,150.47,10.87,12,0.34,66.73,60.55,95.46,9.35,7.37,0.4,46.67,31.67,94.31,10.38,14.53,0.47,48.34,20.59,87.17,9.16,13.46,0.47,48.49,15.59,48.94,4.55,6.39,0.36,35.64,2.01
Khentii,Murun,MN2340,113.62,11.51,8.73,0.41,58.63,34.35,72.69,9.68,5,0.43,39.13,18.45,106.03,15.38,15.85,0.67,54.32,19.81,79.4,12.09,11.62,0.61,40.86,14.23,75.29,8.17,8.43,0.65,51.04,7
Khentii,Norovlin,MN2343,66.44,7.62,7.19,0.3,31.39,19.95,67.63,9.74,8.91,0.5,30.98,17.5,59.47,8.94,11.15,0.55,26.24,12.59,43.81,7.64,7.61,0.51,18.98,9.07,60.54,6.73,9.16,0.57,35.9,8.19
Khentii,Omnudelger,MN2346,216.01,15.19,19.52,0.31,93.13,87.85,155.72,17.78,20.89,0.51,62.77,53.77,105.09,14.04,18.66,0.53,40.86,31.01,86.24,12.56,16.56,0.54,32.51,24.08,93.94,10.6,14.42,0.73,48.67,19.53
Khentii,Tsenkhermandal,MN2349,105.43,7.64,8.62,0.03,51.53,37.61,73.83,7.43,7.38,0.1,36.84,22.08,69.25,7.75,9.05,0.15,35.11,17.21,66.86,7.67,9.97,0.17,32.44,16.62,67.85,6.21,7.44,0.16,43.27,10.77
Ulaanbaatar,Baganuur,MN1101,42.39,2.57,7.24,0.01,16.99,15.58,30.74,2.13,5.98,0.01,12.39,10.22,31.51,2.86,6.92,0.01,14.44,7.29,40.26,3.52,8.58,0.01,19.61,8.53,36.22,3.36,7.66,0.01,19.46,5.73
Ulaanbaatar,Bagaxangai,MN1104,10.52,0.64,1.8,0,4.22,3.87,7.63,0.53,1.48,0,3.08,2.54,7.82,0.71,1.72,0,3.58,1.81,9.99,0.87,2.13,0,4.87,2.12,8.99,0.83,1.9,0,4.83,1.42
Ulaanbaatar,Bayangol,MN1107,1.62,0.1,0.28,0,0.65,0.6,1.18,0.08,0.23,0,0.48,0.39,1.21,0.11,0.27,0,0.55,0.28,1.54,0.14,0.33,0,0.75,0.33,1.39,0.13,0.29,0,0.75,0.22
Ulaanbaatar,Bayanzu'rx,MN1110,83.72,5.07,14.3,0.03,33.55,30.77,60.71,4.22,11.81,0.02,24.48,20.19,62.24,5.65,13.67,0.02,28.51,14.39,79.52,6.96,16.94,0.02,38.74,16.85,71.55,6.63,15.13,0.02,38.44,11.31
Ulaanbaatar,Chingeltei,MN1125,6.13,0.37,1.05,0,2.46,2.25,4.45,0.31,0.86,0,1.79,1.48,4.56,0.41,1,0,2.09,1.05,5.83,0.51,1.24,0,2.84,1.23,5.24,0.49,1.11,0,2.82,0.83
Ulaanbaatar,Khan-Uul,MN1122,34.12,2.07,5.83,0.01,13.67,12.54,24.74,1.72,4.81,0.01,9.98,8.23,25.37,2.3,5.57,0.01,11.62,5.86,32.41,2.83,6.91,0.01,15.79,6.87,29.16,2.7,6.17,0.01,15.67,4.61
Ulaanbaatar,Nalaix,MN1113,46.8,2.84,7.99,0.01,18.75,17.2,33.93,2.36,6.6,0.01,13.68,11.28,34.79,3.16,7.64,0.01,15.94,8.04,44.45,3.89,9.47,0.01,21.65,9.42,39.99,3.71,8.46,0.01,21.49,6.32
Ulaanbaatar,Songinoxairxan,MN1116,82.12,4.98,14.03,0.03,32.91,30.18,59.54,4.13,11.58,0.02,24.01,19.8,61.05,5.54,13.41,0.02,27.97,14.11,77.99,6.82,16.62,0.02,38,16.53,70.17,6.51,14.84,0.02,37.71,11.09
Ulaanbaatar,Su'xbaatar,MN1119,14.54,0.88,2.48,0,5.83,5.34,10.54,0.73,2.05,0,4.25,3.51,10.81,0.98,2.37,0,4.95,2.5,13.81,1.21,2.94,0,6.73,2.93,12.43,1.15,2.63,0,6.68,1.96
Tov,Ugtaalcaidam,MN4170,52.48,5.25,3.38,0,24.05,19.74,50.71,6.38,3.23,0,25.93,15.14,66.2,8.37,7.08,-0.01,38,12.68,64.35,6.77,8.15,0.01,42.42,6.97,61.41,5.33,6.93,0.01,46.89,2.23
Khentii,Bor-Ondor,MN2352,,,,,,,,,,,,,53.34,5.2,8.87,0.07,27.99,11.12,39.89,4.54,7.12,0.04,21.23,6.94,90.61,6.52,15.32,0,62.7,6.03
